-1	105715-27-3	Po+6	209	[Po+6]	Po/q+6	PSGYJJBCXBOPEL-UHFFFAOYSA-N	polonium, ion (Po6+)	polonium, ion (Po6+)	Po6+	Polonium(6+)	po++++++	po+6	Po(+6)	Po(6+)	Po(++++++)
-1	119701-01-8	MnO+3	70.937449	[Mn+4].[O-]	Mn.O/q+4;-1	DTGZNTOKZANRNC-UHFFFAOYSA-N	manganese(3+), hydroxy- (9CI)	manganese(3+), hydroxy- (9CI)	MnOH+++	MnOH+3	MnOH(+3)	MnOH(3+)	MnOH(+++)
-1	12179-05-4	H2O2Th+2	266.05278	[OH-].[OH-].[Th+4]	2H2O.Th/h2*1H2;/q;;+4/p-2	UIDYAMWPFSLLBH-UHFFFAOYSA-L	thorium(2+), dihydroxy- (9CI)	thorium(2+), dihydroxy- (9CI)	Thorium(2+), dihydroxy-, ion (8CI)	Dihydroxythorium(2+)	Thorium hydroxide ion (Th(OH)22+)	12382-99-9	12383-11-8	Th(OH)2++	Th(OH)2+2	Th(OH)2(+2)	Th(OH)2(2+)	Th(OH)2(++)
-1	12312-87-7	C18H42N12Ni2+4	543.99328	[NH-]CC[N-]CC[N-]CC[NH-].[NH-]CC[N-]CC[N-]CC[NH-].[NH-]CC[N-]CC[N-]CC[NH-].[Ni+8].[Ni+8]	3C6H14N4.2Ni/c3*7-1-3-9-5-6-10-4-2-8;;/h3*7-8H,1-6H2;;/q3*-4;2*+8	GNSFZABZGGUQIY-UHFFFAOYSA-N	nickel(4+), [µ-[N1,N2-bis[2-(amino-κN)ethyl]-1,2-ethanediamine-κN1:κN2]]bis[N1,N2-bis[2-(amino-κN)ethyl]-1,2-ethanediamine-κN1,κN2]di-	nickel(4+), [µ-[N1,N2-bis[2-(amino-κN)ethyl]-1,2-ethanediamine-κN1:κN2]]bis[N1,N2-bis[2-(amino-κN)ethyl]-1,2-ethanediamine-κN1,κN2]di-	Nickel(4+), [µ-[N,N'-bis(2-aminoethyl)-1,2-ethanediamine-N1,N1':N2,N2']]bis[N,N'-bis(2-aminoethyl)-1,2-ethanediamine-N,N',N'',N''']di-(9CI)	1,2-Ethanediamine, N,N'-bis(2-aminoethyl)-, nickel complex	113685-55-5	[Ni2(trien)3]++++	[Ni2(trien)3]+4	[Ni2(trien)3](+4)	[Ni2(trien)3](4+)	[Ni2(trien)3](++++)	Ni2(trien)3++++	Ni2(trien)3+4	Ni2(trien)3(+4)	Ni2(trien)3(4+)	Ni2(trien)3(++++)
-1	12323-66-9	AmO2+2	275.0588	[Am+2].[O].[O]	Am.2O/q+2;;	OGKPTBFMRRVYKB-UHFFFAOYSA-N	americyl ion(2+) (8CI,9CI)	americyl ion(2+) (8CI,9CI)	Americium dioxide ion(2+)	Americium oxide (AmO2), ion(2+)	Dioxoamericium ion(2+)	Dioxoamericium(2+)	73060-58-9	americyl ion (2+)	AmO2++	AmO2+2	AmO2(+2)	AmO2(2+)	AmO2(++)
-1	12528-83-5	FeH2O2+2	89.85968	[Fe+4].[OH-].[OH-]	Fe.2H2O/h;2*1H2/q+4;;/p-2	VQTRCXFFCUAMFQ-UHFFFAOYSA-L	iron(2+), dihydroxy- (9CI)	iron(2+), dihydroxy- (9CI)	Iron(4+), tetrahydroxydi-, ion (8CI)	Fe(OH)++	Fe(OH)+2	Fe(OH)(+2)	Fe(OH)(2+)	Fe(OH)(++)
-1	125408-88-0	HO2Sn+	151.70774	[OH-].[O].[Sn+2]	H2O.O.Sn/h1H2;;/q;;+2/p-1	DVWYYWDEWMPIOJ-UHFFFAOYSA-M	tin(1+), hydroxyoxo- (9CI)	tin(1+), hydroxyoxo- (9CI)	
-1	12588-30-6	AlO+	42.980938	[Al+].[O]	Al.O/q+1;	AENDPCOLKHDBIA-UHFFFAOYSA-N	aluminum(1+), oxo-	aluminum(1+), oxo-	Aluminum monoxide ion(1+)	Aluminum oxide (AlO+)	Aluminum(1+), oxo-	Aluminum(1+), oxo-, ion	Aluminum(1+), oxo-, ion (8CI)	aluminum(1+), oxo- (9CI)	12296-82-1	AlO+	AlO+1	AlO(+1)	AlO(1+)	AlO(+)
-1	1313606-05-1	HInO+3	131.82534	[OH-].[In+4]			indium(3+), hydroxy-	indium(3+), hydroxy-	InOH+++	InOH+3	InOH(+3)	InOH(3+)	InOH(+++)
-1	1345201-68-4	O2Zn+	97.3788	[O-].[O].[Zn+2]	2O.Zn/q;-1;+2	GJDUKYFPGSROKT-UHFFFAOYSA-N	zinc(1+), superoxido-	zinc(1+), superoxido-	
-1	1345201-74-2	O2Zn+2	97.3788	[O-].[O].[Zn+3]	2O.Zn/q;-1;+3	VXPFEHWKPYWNDB-UHFFFAOYSA-N	zinc(2+), superoxido-	zinc(2+), superoxido-	
-1	134627-17-1	HOSc+	61.96325	[OH-].[Sc+2]	H2O.Sc/h1H2;/q;+2/p-1	ANBDPCFSIDKFCL-UHFFFAOYSA-M	scandium(1+), hydroxy- (9CI)	scandium(1+), hydroxy- (9CI)	ScOH+	ScOH+1	ScOH(+1)	ScOH(1+)	ScOH(+)
-1	139941-00-7	FLu+	193.965203	[F-].[Lu+2]	FH.Lu/h1H;/q;+2/p-1	HZKMLOCYAZASLA-UHFFFAOYSA-M	lutetium(1+), fluoro- (9CI)	lutetium(1+), fluoro- (9CI)	Lutetium fluoride ion (LuF1+)	Lutetium monofluoride ion(1+)	LuF+	LuF+1	LuF(+1)	LuF(1+)	LuF(+)
-1	14067-04-0	Ti+	47.867	[Ti+]	Ti/q+1	NWCHXEGXZIUQJS-UHFFFAOYSA-N	titanium, ion (Ti1+)	titanium, ion (Ti1+)	Ti1+	Titanium cation(1+)	Titanium ion(1+)	titanium monocation	Titanium(1+)	Titanium(1+) ion
-1	14864-11-0	In+	114.818	[In+]	In/q+1	PIPQOOWEMLRYEJ-UHFFFAOYSA-N	indium, ion (In1+)	indium, ion (In1+)	In1+	indium ion (In+)	Indium ion(1+)	Indium(1+)	indium ion (In 1+)	In+	In+1	In(+1)	In(1+)	In(+)
-1	14877-29-3	Ga+2	69.723	[Ga+2]	Ga/q+2	LMRSUGDDHPDOPD-UHFFFAOYSA-N	gallium, ion (Ga2+)	gallium, ion (Ga2+)	Ga2+	Gallium ion(2+)	Ga++	Ga+2	Ga(+2)	Ga(2+)	Ga(++)
-1	14877-30-6	In+2	114.818	[In+2]	In/q+2	VOCGXOGLPNJLKT-UHFFFAOYSA-N	indium, ion (In2+)	indium, ion (In2+)	In2+	Indium(2+)	In++	In+2	In(+2)	In(2+)	In(++)
-1	14878-41-2	C6H18CoN6+3	233.18052	[Co+9].[NH-]CC[NH-].[NH-]CC[NH-].[NH-]CC[NH-]	3C2H6N2.Co/c3*3-1-2-4;/h3*3-4H,1-2H2;/q3*-2;+9	UYPQQUUGNAWNCY-UHFFFAOYSA-N	cobalt(3+), tris(1,2-ethanediamine-κN1,κN2)-, (OC-6-11)-	cobalt(3+), tris(1,2-ethanediamine-κN1,κN2)-, (OC-6-11)-	Cobalt(3+), tris(1,2-ethanediamine-N,N')-, (OC-6-11)-	Cobalt(3+), tris(1,2-ethanediamine-κN,κN')-, (OC-6-11)- (9CI)	Cobalt(3+),tris(ethylenediamine)-, ion (8CI)	(OC-6-11)-Tris(1,2-ethanediamine-κN1,κN2)cobalt(3+)	Tris(1,2-diaminoethane)cobalt(3+)	Tris(1,2-ethanediamine)cobalt(3+)	Tris(ethylenediamine)cobalt(3+)	Tris(ethylenediamine)cobalt(3+) ion	tris(ethylenediamine)cobalt(III)	16569-47-4	[Co(en)3]+++	[Co(en)3]+3	[Co(en)3](+3)	[Co(en)3](3+)	[Co(en)3](+++)	Co(en)3+++	Co(en)3+3	Co(en)3(+3)	Co(en)3(3+)	Co(en)3(+++)
-1	15046-91-0	Ag+2	107.8682	[Ag+2]	Ag/q+2	XYDQMRVDDPZFMM-UHFFFAOYSA-N	silver, ion (Ag2+)	silver, ion (Ag2+)	Ag2+	Silver ion(2+)	Silver(2+)	silver(II)	silver ion (Ag 2+)	Ag++	Ag+2	Ag(+2)	Ag(2+)	Ag(++)
-1	15184-93-7	Tm+	168.93421	[Tm+]	Tm/q+1	ZZPQUFHHWWAQDR-UHFFFAOYSA-N	thulium, ion (Tm1+)	thulium, ion (Tm1+)	Thulium ion(1+)	Thulium(1+)	Tm1+
-1	15391-91-0	H2O2Tl+	238.39798	[OH-].[OH-].[Tl+3]	2H2O.Tl/h2*1H2;/q;;+3/p-2	SWAJPZWJLPWYQE-UHFFFAOYSA-L	thallium(1+), dihydroxy- (9CI)	thallium(1+), dihydroxy- (9CI)	Thallium(1+), dihydroxy-, ion (8CI)	Ti(OH)2+	Ti(OH)2+1	Ti(OH)2(+1)	Ti(OH)2(1+)	Ti(OH)2(+)
-1	16396-66-0	Sm+2	150.36	[Sm+2]	Sm/q+2	XWOQSMOSNCMPSH-UHFFFAOYSA-N	samarium, ion (Sm2+)	samarium, ion (Sm2+)	Samarium ion(2+)	Samarium(2+)	Samarium(2+) ion	Sm2+	samarium ion (Sm 2+)	Sm++	Sm+2	Sm(+2)	Sm(2+)	Sm(++)
-1	164265-61-6	HOY+	105.91319	[OH-].[Y+2]	H2O.Y/h1H2;/q;+2/p-1	FAVYVFZHAKKWHA-UHFFFAOYSA-M	yttrium(1+), hydroxy- (9CI)	yttrium(1+), hydroxy- (9CI)	YOH+	YOH+1	YOH(+1)	YOH(1+)	YOH(+)
-1	16910-52-4	Tm+2	168.93421	[Tm+2]	Tm/q+2	LWPVBEOVBNFVKK-UHFFFAOYSA-N	thulium, ion (Tm2+)	thulium, ion (Tm2+)	thulium ion (Tm2+)	Thulium ion(2+)	Thulium(2+)	Thulium(2+) ion	Tm2+
-1	18252-79-4	O2V+	82.9403	[O].[O].[V+]	2O.V/q;;+1	UAZIGFGVBWJXOL-UHFFFAOYSA-N	vanadium(1+), dioxo- (9CI)	vanadium(1+), dioxo- (9CI)	Vanadium(1+), dioxo-, ion (8CI)	Dioxovanadium(+)	Dioxovanadium(1+)	Vanadium dioxide(1+)	Vanadyl ion(VO2+)	Vanadyl ion (VO21+)	86275-38-9	vanadium (1+), dioxo	VO2+	VO2+1	VO2(+1)	VO2(1+)	VO2(+)
-1	189450-92-8	FeH4O4+2	123.87436	[Fe+6].[OH-].[OH-].[OH-].[OH-]	Fe.4H2O/h;4*1H2/q+6;;;;/p-4	UURHSTUBOZWSHZ-UHFFFAOYSA-J	iron(2+), tetrahydroxy-, (T-4)- (9CI)	iron(2+), tetrahydroxy-, (T-4)- (9CI)	Fe(OH)4++	Fe(OH)4+2	Fe(OH)4(+2)	Fe(OH)4(2+)	Fe(OH)4(++)
-1	18973-22-3	NpO2+2	269.0488	[Np+2].[O].[O]	Np.2O/q+2;;	FCWANNJVEULSMZ-UHFFFAOYSA-N	neptunyl ion(2+) (8CI,9CI)	neptunyl ion(2+) (8CI,9CI)	Dioxoneptunium ion(2+)	Dioxoneptunium(2+)	Neptunium oxide (NpO2), ion(2+)	Neptunium oxide (NpO22+)	Neptunium oxide ion(NpO22+)	Neptunyl ion (NpO22+)	73060-55-6	neptunyl ion (2+)	NpO2++	NpO2+2	NpO2(+2)	NpO2(2+)	NpO2(++)
-1	198830-41-0	OTi+	63.8664	[O-].[Ti+2]	O.Ti/q-1;+2	ALTZNJBKLAWOHE-UHFFFAOYSA-N	titanium(1+), hydroxy- (9CI)	titanium(1+), hydroxy- (9CI)	
-1	198830-43-2	H2O2Ti+	81.88168	[OH-].[OH-].[Ti+3]	2H2O.Ti/h2*1H2;/q;;+3/p-2	VDIVNUNKYJUKLB-UHFFFAOYSA-L	titanium(1+), dihydroxy- (9CI)	titanium(1+), dihydroxy- (9CI)	
-1	198830-58-9	H3NiO3+	109.71542	[Ni+4].[OH-].[OH-].[OH-]	Ni.3H2O/h;3*1H2/q+4;;;/p-3	SRXLYYIUJGYZNK-UHFFFAOYSA-K	nickel(1+), trihydroxy- (9CI)	nickel(1+), trihydroxy- (9CI)	Ni(OH)3+	Ni(OH)3+1	Ni(OH)3(+1)	Ni(OH)3(1+)	Ni(OH)3(+)
-1	20561-58-4	Re+	186.207	[Re+]	Re/q+1	OJNBAGCXFHUOIQ-UHFFFAOYSA-N	rhenium, ion (Re1+)	rhenium, ion (Re1+)	Re1+	Rhenium ion(1+)	Rhenium(1+)	Re+	Re+1	Re(+1)	Re(1+)	Re(+)
-1	2099995000-00-0	H2O2Y2+4	211.82638	[OH-].[OH-].[Y+3].[Y+3]	2H2O.2Y/h2*1H2;;/q;;2*+3/p-2	KLCBPBNXBQCUEI-UHFFFAOYSA-L			yttrium dihydroxide ion
-1	21057-99-8	NpO2+	269.0488	[Np+].[O].[O]	Np.2O/q+1;;	VUCYSDYNLLPSLQ-UHFFFAOYSA-N	neptunyl ion(1+) (8CI,9CI)	neptunyl ion(1+) (8CI,9CI)	Dioxoneptunium ion(1+)	Dioxoneptunium(1+)	Neptunium oxide (NpO2), ion(1+)	Neptunium oxide ion (NpO21+)	Neptunyl (NpO2+)	Neptunyl (NpO21+)	Neptunyl ion (NpO21+)	73060-54-5	neptunyl ion (1+)	NpO2+	NpO2+1	NpO2(+1)	NpO2(1+)	NpO2(+)
-1	21294-41-7	O2U+	270.02771	[O].[O].[U+]	2O.U/q;;+1	AXQFOSFQUUEWOE-UHFFFAOYSA-N	uranyl ion(1+) (8CI,9CI)	uranyl ion(1+) (8CI,9CI)	Dioxouranium ion(1+)	Dioxouranium(1+)	Uranium dioxide ion(1+)	uranium dioxide monocation	Uranium dioxide(1+)	Uraniumoxide (UO2), ion(1+)	Uranium oxide ion (UO21+)	Uranyl ion (UO21+)	uranyl monocation	Uranyl(1+)	73060-52-3	uranyl ion, (1+)	UO2+	UO2+1	UO2(+1)	UO2(1+)	UO2(+)
-1	21377-65-1	Np+3	237.05	[Np+3]	Np/q+3	BGIPNIZSNWWNIJ-UHFFFAOYSA-N	neptunium, ion (Np3+)	neptunium, ion (Np3+)	Neptunium ion(3+)	Neptunium(3+)	Np3+	neptunium ion (Np 3+)	Np+++	Np+3	Np(+3)	Np(3+)	Np(+++)
-1	22537-58-2	Po+2	209	[Po+2]	Po/q+2	CVHZSMDCSPQVTA-UHFFFAOYSA-N	polonium, ion (Po2+)	polonium, ion (Po2+)	Po2+	Polonium(2+)	Po++	Po+2	Po(+2)	Po(2+)	Po(++)
-1	22537-59-3	Pa+4	231.03588	[Pa+4]	Pa/q+4	QXKOUOPGXDOMQB-UHFFFAOYSA-N	protactinium, ion (Pa4+)	protactinium, ion (Pa4+)	Pa4+	Protactinium ion(4+)	Protactinium(4+)	protactinium ion (Pa 4+)	Pa++++	Pa+4	Pa(+4)	Pa(4+)	Pa(++++)
-1	22541-16-8	Pm+3	145	[Pm+3]	Pm/q+3	RCXIBNONHWKQJO-UHFFFAOYSA-N	promethium, ion (Pm3+)	promethium, ion (Pm3+)	Pm3+	Promethium ion(3+)	Promethium(3+)	promethium(III)	promethium ion (Pm 3+)	Pm+++	Pm+3	Pm(+3)	Pm(3+)	Pm(+++)
-1	22541-28-2	Re+7	186.207	[Re+7]	Re/q+7	MQUJLTPZKIQGAD-UHFFFAOYSA-N	rhenium, ion (Re7+)	rhenium, ion (Re7+)	Re7+	Rhenium ion(7+)	Rhenium(7+)	Rhenium(7+) ion	re+++++++	re+7	Re(+7)	Re(7+)	Re(+++++++)
-1	22541-34-0	Po+4	209	[Po+4]	Po/q+4	ANVZVLMOTWSDEB-UHFFFAOYSA-N	polonium, ion (Po4+)	polonium, ion (Po4+)	Po4+	Polonium(4+)	Po++++	Po+4	Po(+4)	Po(4+)	Po(++++)
-1	22541-36-2	Ra+2	226	[Ra+2]	Ra/q+2	PZDJSXWIQXZUBJ-UHFFFAOYSA-N	radium, ion (Ra2+)	radium, ion (Ra2+)	Ra2+	Radium ion(2+)	Radium(2+)	radium ion (Ra 2+)	Ra++	Ra+2	Ra(+2)	Ra(2+)	Ra(++)
-1	22541-37-3	Ac+3	227	[Ac+3]	Ac/q+3	NBPXRFNLHVPTNL-UHFFFAOYSA-N	actinium, ion (Ac3+)	actinium, ion (Ac3+)	Ac3+	Actinium ion(3+)	Actinium(3+)	actinium ion (Ac 3+)	Ac+++	Ac+3	Ac(+3)	Ac(3+)	Ac(+++)
-1	22541-42-0	Cm+3	247.07	[Cm+3]	Cm/q+3	ZPHKUUNBJPONFS-UHFFFAOYSA-N	curium, ion (Cm3+)	curium, ion (Cm3+)	Cm3+	Curium ion(3+)	Curium(3+)	curium ion (Cm 3+)	Cm+++	Cm+3	Cm(+3)	Cm(3+)	Cm(+++)
-1	22541-44-2	Pu+4	244.06	[Pu+4]	Pu/q+4	IYQHAABWBDVIEE-UHFFFAOYSA-N	plutonium, ion (Pu4+)	plutonium, ion (Pu4+)	Plutonium ion(4+)	Plutonium(4+)	Pu4+	plutonium ion (Pu 4+)	Pu++++	Pu+4	Pu(+4)	Pu(4+)	Pu(++++)
-1	22541-46-4	Am+3	243.06	[Am+3]	Am/q+3	FEAYDZTUUGPCTC-UHFFFAOYSA-N	americium, ion (Am3+)	americium, ion (Am3+)	americium (Am3+)	Americium(3+)	Americium(3+) ion	americium(III)	Americium, ion(3+)	americium ion (Am 3+)	Am+++	Am+3	Am(+3)	Am(3+)	Am(+++)
-1	22541-47-5	Bk+3	247.07	[Bk+3]	Bk/q+3	RSMRVHANCXPFJV-UHFFFAOYSA-N	berkelium, ion (Bk3+)	berkelium, ion (Bk3+)	Berkelium ion(3+)	Berkelium(3+)	Berkelium(3+) ion	Bk3+	berkelium ion (Bk 3+)	Bk+++	Bk+3	Bk(+3)	Bk(3+)	Bk(+++)
-1	22541-70-4	Pu+3	244.06	[Pu+3]	Pu/q+3	ZLYXMBXMECZBSN-UHFFFAOYSA-N	plutonium, ion (Pu3+)	plutonium, ion (Pu3+)	Plutonium ion (3+)	Plutonium(3+)	Pu3+	plutonium ion (Pu 3+)	Pu+++	Pu+3	Pu(+3)	Pu(3+)	Pu(+++)
-1	22541-77-1	V+3	50.9415	[V+3]	V/q+3	KOKKJWHERHSKEB-UHFFFAOYSA-N	vanadium(3+)	vanadium(3+)	V3+	vanadium 3+ ion	vanadium iii	Vanadium ion(3+)	Vanadium(3+)	vanadium, ion (V3+)	vanadium ion (V 3+)	V+++	V+3	V(+3)	V(3+)	V(+++)
-1	22542-02-5	Re+4	186.207	[Re+4]	Re/q+4	ZVPGNHKDEZVBOZ-UHFFFAOYSA-N	rhenium, ion (Re4+)	rhenium, ion (Re4+)	Re4+	Rhenium ion(4+)	Rhenium(4+)	Re++++	Re+4	Re(+4)	Re(4+)	Re(++++)
-1	22542-03-6	Re+2	186.207	[Re+2]	Re/q+2	GHGIXXLXNBIDEM-UHFFFAOYSA-N	rhenium, ion (Re2+)	rhenium, ion (Re2+)	Re2+	Rhenium ion(2+)	Rhenium(2+)	Re++	Re+2	Re(+2)	Re(2+)	Re(++)
-1	22578-82-1	Np+4	237.05	[Np+4]	Np/q+4	NBSLIVIAZBZBFZ-UHFFFAOYSA-N	neptunium, ion (Np4+)	neptunium, ion (Np4+)	Neptunium(4+)	Neptunium, ion(4+)	Np4+	neptunium ion (Np 4+)	Np++++	Np+4	Np(+4)	Np(4+)	Np(++++)
-1	22853-00-5	O2Pu+2	276.0588	[O].[O].[Pu+2]	2O.Pu/q;;+2	JVMJYRRBUIBRIG-UHFFFAOYSA-N	plutonyl ion(2+) (8CI,9CI)	plutonyl ion(2+) (8CI,9CI)	Dioxoplutonium ion(2+)	Dioxoplutonium(2+)	Plutonium dioxide, ion(2+)	Plutonium oxide (PuO2), ion(2+)	Plutonium oxide ion(PuO22+)	Plutonium(2+), dioxo-	Plutonyl ion (PuO22+)	Plutonyl(2+)	12263-69-3	73060-56-7	1260234-28-3	plutonyl ion (2+)	PuO2++	PuO2+2	PuO2(+2)	PuO2(2+)	PuO2(++)
-1	22878-02-0	AmO2+	275.0588	[Am+].[O].[O]	Am.2O/q+1;;	LCDMAAJIPHJOKH-UHFFFAOYSA-N	americyl ion(1+) (8CI,9CI)	americyl ion(1+) (8CI,9CI)	Americium oxide (AmO2), ion(1+)	Dioxoamericium ion(1+)	Dioxoamericium(1+)	73060-57-8	americyl ion (1+)	AmO2+	AmO2+1	AmO2(+1)	AmO2(1+)	AmO2(+)
-1	22967-56-2	O2Pu+	276.0588	[O].[O].[Pu+]	2O.Pu/q;;+1	DPLIYLHOFHPBQR-UHFFFAOYSA-N	plutonyl ion(1+) (8CI,9CI)	plutonyl ion(1+) (8CI,9CI)	Dioxoplutonium ion(1+)	Dioxoplutonium(1+)	Plutonium oxide (PuO2), ion(1+)	Plutonium oxide ion (PuO2+)	Plutonium oxide ion(PuO21+)	Plutonium(1+), dioxo-	Plutonyl ion (PuO2+)	plutonyl ion (1+)	PuO2+	PuO2+1	PuO2(+1)	PuO2(1+)	PuO2(+)
-1	23335-61-7	H2O2Ti+2	81.88168	[OH-].[OH-].[Ti+4]	2H2O.Ti/h2*1H2;/q;;+4/p-2	YKDWJGHOPSIUOV-UHFFFAOYSA-L	titanium(2+), dihydroxy- (9CI)	titanium(2+), dihydroxy- (9CI)	Titanium(2+), dihydroxy-, ion (8CI)
-1	23402-66-6	H3O3Ti+	98.88902	[OH-].[OH-].[OH-].[Ti+4]	3H2O.Ti/h3*1H2;/q;;;+4/p-3	MYUNWGMYLBVXEB-UHFFFAOYSA-K	titanium(1+), trihydroxy- (9CI)	titanium(1+), trihydroxy- (9CI)	Titanium(1+), trihydroxy-, ion (8CI)	Ti(OH)3+	Ti(OH)3+1	Ti(OH)3(+1)	Ti(OH)3(1+)	Ti(OH)3(+)
-1	24228-44-2	HMnO+2	71.945389	[Mn+3].[OH-]	Mn.H2O/h;1H2/q+3;/p-1	COIFCHMDWGZDDC-UHFFFAOYSA-M	manganese(2+), hydroxy- (9CI)	manganese(2+), hydroxy- (9CI)	Manganese(2+), hydroxy-, ion (8CI)	MnOH++	MnOH+2	MnOH(+2)	MnOH(2+)	MnOH(++)
-1	289651-09-8	HMgO+2	41.31234	[OH-].[Mg+3]			magnesium(2+), hydroxy- (9CI)	magnesium(2+), hydroxy- (9CI)	MgOH++	MgOH+2	MgOH(+2)	MgOH(2+)	MgOH(++)
-1	289651-10-1	HOZn+2	82.38734	[OH-].[Zn+3]	H2O.Zn/h1H2;/q;+3/p-1	FDBKTJZUDVKNSY-UHFFFAOYSA-M	zinc(2+), hydroxy- (9CI)	zinc(2+), hydroxy- (9CI)	ZnOH++	ZnOH+2	ZnOH(+2)	ZnOH(2+)	ZnOH(++)
-1	36756-53-3	Re+3	186.207	[Re+3]	Re/q+3	CBDRQDHBLUNMDT-UHFFFAOYSA-N	rhenium, ion (Re3+)	rhenium, ion (Re3+)	Re3+	Rhenium ion(3+)	Rhenium(3+)	Re+++	Re+3	Re(+3)	Re(3+)	Re(+++)
-1	36756-65-7	Tm+4	168.93421	[Tm+4]	Tm/q+4	XMLAZOJFNFNVER-UHFFFAOYSA-N	thulium, ion (Tm4+)	thulium, ion (Tm4+)	Thulium ion(4+)	Thulium(4+)	Tm4+
-1	55896-88-3	H2InO2+	148.83268	[In+3].[OH-].[OH-]	In.2H2O/h;2*1H2/q+3;;/p-2	MMGUFKGXOVQLIT-UHFFFAOYSA-L	indium(1+), dihydroxy- (9CI)	indium(1+), dihydroxy- (9CI)	12299-79-5	In(OH)2+	In(OH)2+1	In(OH)2(+1)	In(OH)2(1+)	In(OH)2(+)
-1	56797-55-8	Po+	209	[Po+]	Po.4H/q+1;;;;	ZGKGJOXKFADWFH-UHFFFAOYSA-N	polonium, ion (Po1+)	polonium, ion (Po1+)	Po1+	Polonium(1+)	Po+	Po+1	Po(+1)	Po(1+)	Po(+)
-1	61003-61-0	HOTl+	221.39064	[OH-].[Tl+2]	H2O.Tl/h1H2;/q;+2/p-1	SZKXSYLKCKGGAO-UHFFFAOYSA-M	thallium(1+), hydroxy- (9CI)	thallium(1+), hydroxy- (9CI)	Hydroxothallium(1+)	TlOH+	TlOH+1	TlOH(+1)	TlOH(1+)	TlOH(+)
-1	74143-30-9	Po+	209	[Po+3]	Po/q+3	ZSSHWJWIXFXOQH-UHFFFAOYSA-N	polonium, ion (Po3+)	polonium, ion (Po3+)	Po3+	Polonium(3+)	Po+++	Po+3	Po(+3)	Po(3+)	Po(+++)
-1	747348-22-7	C18H42Co2N12+6	544.47288	[Co+9].[Co+9].[NH-]CC[N-]CC[N-]CC[NH-].[NH-]CC[N-]CC[N-]CC[NH-].[NH-]CC[N-]CC[N-]CC[NH-]	3C6H14N4.2Co/c3*7-1-3-9-5-6-10-4-2-8;;/h3*7-8H,1-6H2;;/q3*-4;2*+9	QFGCZVMSFKYQCY-UHFFFAOYSA-N	cobalt(6+), [µ-[N,N'-bis(2-aminoethyl)-1,2-ethanediamine-N1,N1':N2,N2']]bis[N,N'-bis(2-aminoethyl)-1,2-ethanediamine-N,N',N'',N''']di- (9CI)	cobalt(6+), [µ-[N,N'-bis(2-aminoethyl)-1,2-ethanediamine-N1,N1':N2,N2']]bis[N,N'-bis(2-aminoethyl)-1,2-ethanediamine-N,N',N'',N''']di- (9CI)	[Co2(trien)3]++++++	[Co2(trien)3]+6	[Co2(trien)3](+6)	[Co2(trien)3](6+)	[Co2(trien)3](++++++)	Co2(trien)3++++++	Co2(trien)3+6	Co2(trien)3(+6)	Co2(trien)3(6+)	Co2(trien)3(++++++)
-1	90759-83-4	HOPb+2	224.20734	[OH-].[Pb+3]	H2O.Pb/h1H2;/q;+3/p-1	FPTRCJRYLOGJSJ-UHFFFAOYSA-M	lead(2+), hydroxy- (9CI)	lead(2+), hydroxy- (9CI)	Hydroxylead(2+)	Lead monohydroxide ion(2+)	PbOH++	PbOH+2	PbOH(+2)	PbOH(2+)	PbOH(++)
-1	918440-44-5	O2Sb+	153.7588	[O].[O].[Sb+]	2O.Sb/q;;+1	SLLGUMYSKWHMLF-UHFFFAOYSA-N	antimony(1+), dioxo-	antimony(1+), dioxo-	
-1	97066-74-5	Po+5	209	[Po+5]	Po/q+5	OBMNDMAIANGULU-UHFFFAOYSA-N	polonium, ion (Po5+)	polonium, ion (Po5+)	Po5+	Polonium(5+)	105715-26-2	Po+++++	Po+5	Po(+5)	Po(5+)	Po(+++++)
223	14798-03-9	H4N+	18.03846	[NH4+]	H3N/h1H3/p+1	QGZKDVFQNNGYKY-UHFFFAOYSA-O	azanium	ammonium	Ammonia ion (NH4+)	Ammonia, ion (NH41+)	Ammonium (NH4+)	ammonium cation	ammonium ion	Ammonium ion (NH4+)	Ammonium ion(+)	Ammonium ion(1+)	Ammonium(1+)	NH4+	ammonia ion	nitrogen(1+)	ammonium cation with d	UNII-54S68520I4	NH4(+)	15194-15-7	54s68520i4	DTXSID5043974	CHEBI:28938	Ammonium Standard: NH4+ @ 100 microg/mL in H2O	nitrenium ion	(NH4)(+)	[NH4](+)	nd4	Ammonium Standard: NH4+ @ 1000 microg/mL in H2O	Ammonium Standard: NH4+ @ 10000 microg/mL in H2O	nitrogen cation	aminylium ion	NH-4	a secondary amine	Ammonium(+)	nitrogen tetrahydride	hydridonitrogen(1+)	secondary amine(1+)	secondary ammonium ion	Amidogen, ion(1+)	Ammonia ion (NH2+)	ammonium standard	ammonium (8CI,9CI)	DTXCID3023974	CHEBI:29352	CHEBI:137419	DTXSID201318517	[NH4]+	AKOS015914233	14158-23-7	6684-80-6	N(+)	ammonium standard solution (100 ppm nh4)	NS00114191	C01342	Q190901	Q27110020	Q27110023	Q27110026	Q27110062	Ammonium Ion Chromatography Standard in H2O,Ammonium-NH4(+) @100microg/mL	Ammonium Ion Chromatography Standard in H2O,Ammonium - NH4(+) @100microg/mL	194419-49-3	372952-69-7	NH4+1	NH4(+1)	NH4(1+)
271	14127-61-8	Ca+2	40.078	[Ca+2]	Ca/q+2	BHPQYMZQTOCNFJ-UHFFFAOYSA-N	calcium(2+)	calcium(2+)	Ca2+	calcium (II) ion	calcium cation	calcium dication	calcium ion	Calcium ion(2+)	Calcium(2+) ion	calcium, ion (Ca2+)	calcium ions	Calcium(2+)ions	Calcium (2+)	Ca++	11079-03-1	calcium ion chromatography standard	CaII	UNII-2M83C4R6ZB	2m83c4r6zb	ethylenediaminetetraacetic acid disodium cobalt salt, hydrate	CALCIUM, ION(CA2+)	Calcium(2+), hexaaqua-, (OC-6-11)-	DTXSID7037638	Ca(2+)	CHEBI:29108	calcium, doubly charged positive ion	125302-08-1	calcium cations	ionized calcium	free calcium	calcium(II)	cough runny nose	peladow (chloride)	snomelt (chloride)	calcium 2+	calcium(II) cation	calcosan (chloride)	liquidow (chloride)	eczema skin eruptions	bdbm14	Ca+2	superflake anhydrous (chloride)	DTXCID5017638	45ca2+	CHEBI:39123	CHEBI:39124	ethylenediamine-n,n,n',n'-tetraacetic acid cobalt-disodium salt	[45]Ca2+	cmc_10481	cmc_11731	cmc_12667	DB14577	C00076	l001014	Q23905776	Phenol, 4,4'-(1-methylethylidene)bis-, polymer with 2,2'-iminobis[ethanol], 2,2'-[(1-methylethylidene) bis(4,1-phenyleneoxymethylene)]bis[oxirane] and 4-nonylphenol	calcium ion (Ca 2+)	Ca(+2)	Ca(++)
813	24203-36-9	K+	39.0983	[K+]	K/q+1	NPYPAHLBTDXSSS-UHFFFAOYSA-N	potassium(1+)	potassium(1+)	K1+	potassium (K+)	potassium cation	potassium ion	potassium ion (K+)	Potassium ion(1+)	potassium monocation	potassium, ion (K1+)	potassium (ion)	Potassium(+)	potassium(I) cation	potassium(I)	liver regeneration factor 1	Potassium ion(+)	potassium(1+) ion	CHEBI:29103	UNII-295O53K152	K+	295o53k152	DTXSID9042671	125352-08-1	138363-30-1	K(+)	skin affections	nasel congestion	potassium+	colds dry cough	runny nose warts	headache nervousness	nabumeton a (tn)	Potassium (1+)	sore throat 911	potassium ion (K1+)	formate ion chromatography standard	CHEMBL1233793	DTXCID7022671	DB01345	potassium, ion (K1+) (8CI,9CI)	NS00077124	C00238	D08403	Q15901933	850582-97-7	potassium ion (K 1+)	K+1	K(+1)	K(1+)
888	22537-22-0	Mg+2	24.305	[Mg+2]	Mg/q+2	JLVVSXFLKOJNIY-UHFFFAOYSA-N	magnesium(2+)	magnesium(2+)	magnesium (Mg2+)	magnesium cation	Magnesium cation(2+)	magnesium dication	magnesium ion	magnesium ion (Mg2+)	Magnesium ion(2+)	magnesium(II)	magnesium(II) ion	magnesium, ion (Mg2+)	Mg2+	sincromag	Mg++	Neuropeptide Y (1-27)	magnesium(2+) ion	magnesium, ion(Mg2+)	magnesium (ion)	magnesium 2+	MgII	Magnesium(2+)ions	t6v3lhy838	magnesium(II) cation	UNII-T6V3LHY838	magnesium, ion (Mg(2+))	3-cyano-4-imino-7-chloro-4h-pyrido[1,2-a]-pyrimidine	magnesium ion chromatography standard	102781-35-1	133361-35-0	CHEBI:18420	Mg(2+)	magnesium, doubly charged positive ion	magnesane	magnesium ions	diarrhea dyspepsia	Magnesium (2+)	magnesium (II) ion	Magnesium ion (2+)	constipation billousness	menstrual muscle cramps	Magnesium cation (2+)	Mg(II)	bdbm15	Mg+2	CHEBI:39127	DTXSID801020091	DB01378	C00305	l000763	Q26987404	102980-04-1	magnesium ion (Mg 2+)	Mg(+2)	Mg(++)
923	17341-25-2	Na+	22.98977	[Na+]	Na/q+1	FKNQFGJONOIPTF-UHFFFAOYSA-N	sodium(1+)	sodium ion	Na1+	sodium (Na1+)	sodium cation	Sodium cation(1+)	Sodium ion(1+)	Sodium(1+)	Sodium(1+) ion	sodium, ion (Na1+)	Sodium-23(1+)	sodium (ion)	Sodium(1+)ions	UNII-LYR4M0NH37	sodium(I)	lyr4m0nh37	Na+	Na(+)	124224-04-0	CHEBI:29101	sodium ion chromatography standard	4-Aza-5-thiatricyclo[5.2.1.0(3,7)]decane-5,5-dioxide, (7S)-10,10-dimet hyl-	ninepercent	sodium+	chills and fevers	sodium(I) cation	dry cough diarrhea	Sodium ion(+)	sodium 1+	sodium ion (Na1+)	Sodium (1+)	DTXSID8037671	sodium, ion (Na1+) (8CI,9CI)	DB14516	bp-29906	NS00077102	C01330	Q3154110	sodium ion (Na 1+)	Na+1	Na(+1)	Na(1+)
933	20712-83-8	H4NO+	34.03786	[NH3+]O	H4NO/c1-2/h2H,1H3/q+1	RBLWMQWAHONKNC-UHFFFAOYSA-N	hydroxyazanium	hydroxylaminium(1+) (9CI)	hydroxylamine, conjugate monoacid (8CI)	aminooxonium	hydroxyammonium cation	hydroxylamine conjugate acid	hydroxylammonium	hydroxylammonium ion	hydroxyammonium	H4NO	66097-71-0	DTXSID00792796	36505-06-3	43332-84-9	622853-88-7	867218-63-1	hydroxylaminium	HONH3+	HONH3+1	HONH3(+1)	HONH3(1+)	HONH3(+)
934	14701-22-5	Ni+2	58.6934	[Ni+2]	Ni/q+2	VEQPNABPJHWNSG-UHFFFAOYSA-N	nickel(2+)	Ni2+	ni2+	nickel cation (Ni2+)	nickel dication	Nickel ion(2+)	Nickel(2+)	nickel(2+) ion	nickel(II)	nickel(II) cation	nickel(II) ion	nickel, ion (Ni2+)	nickelous ion	nickel cation	nickel (II) ion	nickel ions	Nickel(2+)ions	Ni++	ois2cxw7am	UNII-OIS2CXW7AM	Ni(2+)	NiII	CHEBI:49786	DTXSID60163564	nickel cations	malleable nickel	ni cation	nickel ii ion	nickel (II)	nickel 2+	nickel 204	nickel 211	nickel 212	nickel 213	nickel 222	nickel 223	nickel 229	ion (Ni2+)	Ni(II)	epitope id:137780	CHEMBL56175	DTXCID5086055	CHEBI:25516	bdbm50361477	DB14204	C19609	Q26841248	nickel ion (Ni 2+)	Ni+2	Ni(+2)	Ni(++)
1038	12408-02-5	H+	1.00794	[H+]	p+1	GPRLSGONYQIRFK-UHFFFAOYSA-N	hydron	hydrogen ion	Atomic hydrogen cation(1+)	atomic hydrogen ion	atomic hydrogen ion (H+)	Atomic hydrogen ion(1+)	Atomic hydrogen(1+)	hydrion	hydrogen (H+)	hydrogen (H1+)	Hydrogen atom ion(1+)	hydrogen cation	hydrogen ion	hydrogen ion (H+)	hydrogen ion (H1+)	Hydrogen ion(1+)	Hydrogen(1+)	Hydrogen(1+) ion	hydrogen, ion (H1+) electrolytic	hydrogen, ion (pos.)	hydrogen, ion (pos.) (5CI)	proton	UNII-5046UKT60S	5046ukt60s	H+	biowash	xoxo disinfectant	hi-iq water	hy iq water	d8u	biowash hand wipes	hy-iq water	hydrogen(+1) cation	Hy-IQ	hi-iq hand sanitizer	green earth pet mange	green earth pet wipes	biowash hand antiseptic	biowash surface cleaner	hi iq water	hy-iq hand wipes	hy-iq surface cleaner	hy-iq open wound care	green earth pet flea and tick	hy iq water pet product	hy-iq hot spot for dogs	CHEBI:15378	DTXSID50924722	hy iq ear mite cat wipes	hy iq ear mite dog wipes	hy-iq sanitizer and disinfectant	biowash first aid and wound care	hy iq open wound for dogs	xoxo hand disinfectant wipes	hy-iq flea and tick for dogs	hy iq flea and tick for cats	hy iq mange treatment for cats	hy iq mange treatment for dogs	H(+)	hy iq ear mite treatment for dogs	hy iq hot spot treatment for cats	hy-iq ear mite treatment for cats	green earth pet first aid and wound care	hy iq open wound treatment for cats	C00080	hy-iq hand and surface disinfectant and sanitizer	Q506710
5413	66-40-0	C8H20N+	130.2511	CC[N+](CC)(CC)CC	C8H20N/c1-5-9(6-2,7-3)8-4/h5-8H2,1-4H3/q+1	CBXCPBUEXACCNR-UHFFFAOYSA-N	tetraethylazanium	tetraethylammonium	ammonium, tetraethyl-	Ammonium, tetraethyl- (8CI)	ammonium, tetraethyl-, ion	Ammonium, tetraethyl-, ion (5CI)	ethanaminium, n,n,n-triethyl-	n,n,n-triethylethanaminium	NSC 102778	NSC 156315	tea	tetraethylammonium cation	tetraethylammonium compounds	tetraethylammonium ion	Tetraethylammonium ion(1+)	Tetraethylammonium(1+)	Tetraethylammonium(1+) ion	tetramon	tetrylammonium	ethanaminium, n,n,n-triethyl-	tetraetilammonio	tetraetilammonio [italian]	UNII-5AV7G7EIEE	5av7g7eiee	BRN 1738225	NSC-156315	CHEMBL9324	CHEBI:44296	bromide, tetraethylammonium	4-04-00-00331 (Beilstein Handbook Reference)	NSC-102778	tetraethylamine	[14c]tea	[14c]-tea	tetraethyl ammonium	lopac-t-2265	SCHEMBL16267	NEt4(+)	gtpl2343	gtpl4575	DTXSID2045024	[NEt4](+)	ethanaminium,n,n-triethyl-, acetate	bdbm50149890	NSC152122	NSC156315	STL281844	AKOS002264960	ccg-205259	DB08837	NCGC00016008-01	NCGC00016008-02	NCGC00016008-03	NCGC00016008-06	NCGC00162361-01	NS00068416	C07512	Q410728	Ammonium, dodeca-.mu.-chlorohexachlorohexatantalate(2-)(2:1), octahedro-	Ethanaminium,N,N-triethyl-, dodeca-.mu.-chlorohexachlorohexatantalate(2-) octahedro (2:1)	70599-54-1	73979-28-9	81523-21-9	86024-22-8	98790-52-4	99595-33-2	99828-69-0	107478-93-3	108593-18-6	112592-34-4	120224-08-0	125513-36-2	126795-77-5	129418-36-6	1071505-27-5	ethanaminium, n,n,n-triethyl	et4n+	et4n+1	Et4N(+1)	Et4N(1+)	Et4N(+)
6380	51-92-3	C4H12N+	74.14478	C[N+](C)(C)C	C4H12N/c1-5(2,3)4/h1-4H3/q+1	QEMXHQIAXOOASZ-UHFFFAOYSA-N	tetramethylazanium	tetramethylammonium	ammonium, tetramethyl-	Ammonium, tetramethyl- (8CI)	methanaminium, n,n,n-trimethyl-	tma	tmd	tetramethylammonium cation	tetramethylammonium ion	Tetramethylammonium ion(1+)	Tetramethylammonium(1+)	tetramine	tetramine (toxin)	methanaminium, N,N,N-trimethyl- (9CI)	n,n,n-trimethylmethanaminium	UNII-H0W55235FC	CHEBI:46020	H0W55235FC	CHEMBL46486	DTXSID3048071	(NMe4)(+)	[NMe4](+)	tetramethylammonium pentaiodide	tetraamethylammonium acetate	tetramethyl-ammonium	ammonium, (pentaiodide)	bmse000780	methanaminium, n,n,ntrimethyl	DTXCID4028042	bdbm50079455	NSC102944	pdsp2_000112	STL483804	AKOS032954415	(CH3)4N(+)	DB03095	NSC-102944	NCGC00248784-01	Methanaminium,N,N-trimethyl-, (pentaiodide)	NS00004025	C20292	a838452	Q153485	19269-48-8	76913-76-3	methanaminium, n,n,n-trimethyl	me4n+	me4n+1	Me4N(+1)	Me4N(1+)	Me4N(+)
9559	13010-31-6	C12H28N+	186.35742	CCC[N+](CCC)(CCC)CCC	C12H28N/c1-5-9-13(10-6-2,11-7-3)12-8-4/h5-12H2,1-4H3/q+1	OSBSFAARYOCBHB-UHFFFAOYSA-N	tetrapropylazanium	tetrapropylammonium	1-propanaminium, n,n,n-tripropyl-	1-propanaminium, n,n,n-tripropyl-	ammonium, tetrapropyl-	n,n,n-tripropyl-1-propanaminium	tetra-n-propylammonium	tetrapropylammonium cation	tetrapropylammonium ion	Tetrapropylammonium ion(1+)	Tetrapropylammonium(1+)	tetrapropylamine	n,n,n-tripropylpropan-1-aminium	CHEBI:55319	CHEMBL2074857	DTXSID6047026	tetrapropyl ammonium	taa3	SCHEMBL59838	DTXCID4027026	bdbm50420179	NS00005169	Q27124225	1130194-68-1	propanaminium, n,n,n-tripropyl	Pr4N+	Pr4N+1	Pr4N(+1)	Pr4N(1+)	Pr4N(+)
14816	16637-16-4	O2U+2	270.02771	[O].[O].[U+2]	2O.U/q;;+2	WYICGPHECJFCBA-UHFFFAOYSA-N	dioxouranium(2+)	uranyl ion	Dioxouranium ion(2+)	Dioxouranium(2+)	Uranate ion (UO22+)	Uranium oxide (UO2), ion(2+)	Uranium oxide ion (UO22+)	Uranyl (UO22+)	uranyl ion (2+)	Uranyl ion (UO22+)	Uranyl ion(2+)	uranyl(2+)	uranyl(2+) ion	Uranyl(UO22+)	uranyl ion(2+) (8CI,9CI)	dioxouranium(VI)	UO2(2+)	dioxidouranium(VI)	uranyl(VI) cation	dioxidouranium(2+)	Uranium(2+), dioxo-	CHEBI:43515	DTXSID301020177	[UO2](2+)	Q27104509	20368-27-8	73060-53-4	78607-97-3	UO2++	UO2+2	UO2(+2)	UO2(++)
16028	10549-76-5	C16H36N+	242.46374	CCCC[N+](CCCC)(CCCC)CCCC	C16H36N/c1-5-9-13-17(14-10-6-2,15-11-7-3)16-12-8-4/h5-16H2,1-4H3/q+1	DZLFLBLQUQXARW-UHFFFAOYSA-N	tetrabutylazanium	1-Butanaminium, N,N,N-tributyl-	Ammonium, tetrabutyl- (8CI)	n,n,n-tributyl-1-butanaminium	tetra-n-butylammonium	tetrabutylammonium	tetrabutylammoniumcation	tetrabutylammonium ion	Tetrabutylammonium ion(1+)	Tetrabutylammonium(1+)	1-butanaminium, n,n,n-tributyl-	tetrabutyl ammonium bromide	n,n,n-tributylbutan-1-aminium	cbu2x6bbjr	CHEMBL1236196	CHEBI:45825	ammonium, tetrabutyl-	UNII-CBU2X6BBJR	tetrabutyammonium	tetra-butylammonium	tetrabutyl ammonium	tetra butyl-ammonium	tetra-butyl ammonium	tetra(n-butyl)ammonium	tetra-n-butyl ammonium	Tetrabutylammonium(+1)	tetrabuthylammonium	taa4	bu4n+	tetra (n-butyl) ammonium	Tetrabutylammonium ion(+1)	SCHEMBL22384	tetrabutylammonium cation	DTXSID3045011	bdbm50416487	STL194044	AKOS002258926	DB01851	NCGC00334822-01	NS00006689	ab00444480-02	Q27092979	63314-37-4	70623-38-0	122544-96-1	182675-99-6	444910-91-2	1019208-16-2	1445772-09-7	butaneaminium, n,n,n-tributyl	bu4n+1	Bu4N(+1)	Bu4N(1+)	Bu4N(+)
17249	15959-61-2	C20H44N+	298.57006	CCCCC[N+](CCCCC)(CCCCC)CCCCC	C20H44N/c1-5-9-13-17-21(18-14-10-6-2,19-15-11-7-3)20-16-12-8-4/h5-20H2,1-4H3/q+1	GJSGYPDDPQRWPK-UHFFFAOYSA-N	tetrapentylazanium	tetrapentylammonium	1-pentanaminium, n,n,n-tripentyl-	1-pentanaminium, n,n,n-tripentyl-	ammonium, tetrapentyl-	Ammonium, tetrapentyl- (8CI)	n,n,n-tripentyl-1-pentanaminium	tetra-n-amylammonium	tetraamylammonium	tetraamylammonium ion	tetrapentylammonium cation	tetrapentylammonium ion	n,n,n-tripentylpentanaminium	9ikh79pswl	CHEMBL2074704	CHEBI:35009	1-(tripentyl-$l^{4}-azanyl)pentane	tetrapentylazanium bromide	UNII-9IKH79PSWL	yq1	taa5	SCHEMBL239120	gjsgypddpqrwpk-uhfffaoysa-	DTXSID20166692	bdbm50420181	n,n,n-tripentylpentan-1-aminium	Q27116365	pentanaminium, n,n,n-tripentyl	pe4n+	pe4n+1	Pe4N(+1)	Pe4N(1+)	Pe4N(+)
21542	37841-17-1	C20H44N+	298.57006	CC(C)CC[N+](CCC(C)C)(CCC(C)C)CCC(C)C	C20H44N/c1-17(2)9-13-21(14-10-18(3)4,15-11-19(5)6)16-12-20(7)8/h17-20H,9-16H2,1-8H3/q+1	VPYHKSUKMGPRIN-UHFFFAOYSA-N	tetrakis(3-methylbutyl)azanium	1-Butanaminium, 3-methyl-N,N,N-tris(3-methylbutyl)-	tetra(isoamyl)ammonium ion	tetraisoamylammonium	tetraisopentylammonium	SCHEMBL72338	vpyhksukmgprin-uhfffaoysa-	DTXSID10274710	tetrakis(3-methylbutyl)azanium iodide	133828-30-5	1-butaneaminium-3-methyl-n,n,n-tris-3-methylbutyl	ipe4n+	ipe4n+1	iPe4N(+1)	iPe4N(1+)	iPe4N(+)
26623	14302-87-5	Hg+2	200.59	[Hg+2]	Hg/q+2	BQPIGGFYSBELGY-UHFFFAOYSA-N	mercury(2+)	mercury(2+)	mercuric cation	mercuric ion	mercury (Hg2+)	mercury cation (Hg2+)	mercury dication	mercury(II)	mercury(II) ion	mercury, ion (Hg2+)	mercury ii	mercury (II) ion	Mercury(2+) ions	Mercury (2+)	mercury ion (Hg2+)	Hg2+	UNII-ED30FJ8Y42	mercury(2+) ion	mercury(II) cation	ed30fj8y42	Hg(2+)	Hg++	DTXSID9074933	mercury ion	HgII	mercury (II)	Hg+2	DTXCID3034662	CHEBI:16793	NCGC00091572-02	NCGC00091572-03	C00703	Q26841278	mercury ion (Hg 2+)	Hg(+2)	Hg(++)
27099	15158-11-9	Cu+2	63.546	[Cu+2]	Cu/q+2	JPVYNHNXODAKFH-UHFFFAOYSA-N	copper(2+)	Cu2+	cu2+	copper divalent ion	copper ion (Cu++)	Copper ion(2+)	Copper(+2)	copper(2+) ion	copper(II)	copper(II) cation	copper(II) ion	copper, ion (Cu2+)	cupric cation	cupric ion	cupric ion (Cu2+)	copper ions	Copper(2+)ions	copper(II)ions	copper (II) ion	cupric copper	Cu(2+)	copper ion	Cu++	Cu+2	CuII	UNII-8CBV67279L	CHEBI:29036	8cbv67279l	Cu(II)	DTXSID40934294	cupric	copper(II) ions	copper (II)	copper 2+	ion (Cu2+)	at. no. 29	epitope id:174839	DTXCID401362946	DB14552	C22424	12265-72-4	16397-90-3	1142836-37-0	copper ion (Cu 2+)	Cu(+2)	Cu(++)
27284	15438-31-0	Fe+2	55.845	[Fe+2]	Fe/q+2	CWYNVVGOOAEACU-UHFFFAOYSA-N	iron(2+)	iron(2+)	divalent iron ion	Fe2+	ferrous cation	ferrous ion	iron (Fe2+)	iron (II)	iron dication	iron divalent ion	Iron ion(2+)	iron(II) ion	iron, ion (Fe2+)	ferrous ions	ferrous	iron (II) ion	Iron (Fe 2+)	iron(II)	iron(2+) ion	IRON, ION(Fe 2+)	UNII-GW89581OWR	gw89581owr	Fe+2	Fe(2+)	limonite	Iron(2+)ions	taconite	infed	malleable iron	wrought iron	iron(II) cation	FeII	Iron(2+) ions	pyrite8137	desferrioxamine & iron	fe +2 ion	Iron ion (2+)	Fe(II)	Fe++	fe +2	DTXSID4042672	CHEBI:29033	DB14510	NS00078787	Q428946	iron ion (Fe 2+)	Fe(+2)	Fe(++)
27668	16065-83-1	Cr+3	51.9961	[Cr+3]	Cr/q+3	BFGKITSFLPAWGI-UHFFFAOYSA-N	chromium(3+)	Cr3+	cr3+	chromic ion	chromium (Cr3+)	Chromium ion(3+)	chromium(III)	chromium(III) cation	chromium(III) ion	Chromium, ion (cr3+)	chromic cation	Chromium (3+)	Chromium ion (3+)	chromium (III)	chromium (III) ion	chromium(3+) ion	Chromium cation (3+)	chromium cation (Cr3+)	Cr(3+)	Cr(III)	CHEBI:49544	x1n4508kf1	chromium (MART.)	chromium [MART.]	chromium, ion (Cr3)	Chromium (III) Standard: Cr+3 @ 100 microg/mL in 2% HNO3	chromium 3+	DTXSID2023981	c0804	DB14525	NS00134110	Q26841311	chromium ion (Cr 3+)	Cr+++	Cr+3	Cr(+3)	Cr(+++)
27854	16397-91-4	Mn+2	54.938049	[Mn+2]	Mn/q+2	WAEMQWOKJMHJLA-UHFFFAOYSA-N	manganese(2+)	manganese(2+)	manganese (Mn2+)	manganese cation (Mn2+)	manganese dication	Manganese ion(2+)	Manganese(2+) ion	manganese(II)	manganese(II) ion	manganese, ion (Mn2+)	manganous cation	manganous dication	manganous ion	Mn2+	Manganese(2+)ions	Manganese cation (2+)	Mn(II)	Mn++	MnII	UNII-H6EP7W5457	Mn(2+)	h6ep7w5457	CHEBI:29035	manganese cation	manganese ion	manganese (II)	manganese 2+	manganese(II) cation	15365-82-9	Mn(II) (incorrect)	ion (Mn2+)	manganese ion (Mn2+)	at. no. 25	Hexaaquamanganese(2+) ion	Manganese(2+), hexaaqua-, ion	DTXSID00167687	DB06757	C19610	Q27095727	manganese ion (Mn 2+)	Mn+2	Mn(+2)	Mn(++)
28486	17341-24-1	Li+	6.941	[Li+]	Li/q+1	HBBGRARXTFLTSG-UHFFFAOYSA-N	lithium(1+)	Li1+	li1+	lithium cation	Lithium ion(1+)	Lithium(1+)	lithium(1+) ion	lithium, ion (Li1+)	lithium ion	lithium ions	lithium, ion	Lithium(+)	CHEBI:49713	lithium(I) cation	UNII-8H8Z5UER66	Li(+)	8h8z5uer66	lithium ion chromatography standard	DTXSID10169612	lithium monohydride;	Li+	lithium(I)	lithium (I) ion	Li(+) cation	Li(+) ion	CHEMBL1234004	DTXCID1092103	bdbm50259153	DB01356	Q66760324	lithium ion (Li 1+)	Li+1	Li(+1)	Li(1+)
29936	20074-52-6	Fe+3	55.845	[Fe+3]	Fe/q+3	VTLYFUHAOXGGBS-UHFFFAOYSA-N	iron(3+)	iron(3+)	Fe3+	ferric cation	ferric ion	iron (Fe3+)	Iron ion(3+)	iron trivalent ion	Iron(3+) ion	iron(III)	iron(III) cation	iron(III) ion	iron, ion (Fe3+)	ferric ions	ferric iron	UNII-91O4LML611	91o4lml611	Fe(III)	Iron(3+)ions	FeIII	iron (III) ion	fe+3 ion	iron (III)	Fe+3	iron, ion (Fe(3+))	ferric iron [VANDF]	Fe+++	DTXSID9041029	CHEBI:29034	Fe(3+)	iron, ion (Fe3+) (8CI,9CI)	DB13949	NS00078786	Q3233795	1142836-43-8	iron ion (Fe 3+)	Fe(+3)	Fe(+++)
31193	22537-48-0	Cd+2	112.411	[Cd+2]	Cd/q+2	WLZRMCYVCSSEQC-UHFFFAOYSA-N	cadmium(2+)	Cd2+	cd2+	cadmium cation	cadmium ion	Cadmium(2+)	cadmium, ion (Cd2+)	Cd(II)	Cadmium(2+) ion	cadmium ions	9032-08-0	Cadmium(2+)ions	cadmium, ion(Cd2+)	UNII-T494FZ4G8G	t494fz4g8g	Cd(2+)	DTXSID60177060	cadmium cations	cadmium elemental	cadmium(II)	CdII	cadmium(II) cation	cadmium (II) ion	Cd++	DTXCID7099551	CHEBI:48775	CHEBI:63063	native aspergillus niger amyloglucosidase	NCGC00090932-02	NCGC00090932-03	NCGC00090932-04	da-65942	amyloglucosidase from |aspergillus| |niger|	Q26841251	cadmium ion (Cd 2+)	Cd+2	Cd(+2)	Cd(++)
32051	23713-49-7	Zn+2	65.38	[Zn+2]	Zn/q+2	PTFCDOFLOPIGGS-UHFFFAOYSA-N	zinc(2+)	zinc(2+)	64: pn: wo2014160752 seqid: 214 claimed sequence	zinc cation	zinc dication	zinc divalent ion	zinc ion	Zinc ion(2+)	zinc(II)	zinc(II) cation	zinc(II) ion	zinc, ion (Zn2+)	Zn2+	velmanase alfa	9025-42-7	topostin b	Zinc(2+)ions	zinc 2+	lamazym	rhlaman	velmanase alfa [INN]	ZnII	r-h-laman	UNII-13S1S8SF37	UNII-M91TG242P2	zinc (II) cation	zinc (II) ion	zinc(2+) ion	CHEBI:29105	recombinant human laman	zinc (II)	Zn(2+)	13s1s8sf37	chf-lmzymaa1	alpha-mannosidase recombinant human	recombinant human alpha-mannosidase	velmanase alfa [USAN]	Zn(II)	velmanase alfa [WHO-DD]	a16ab	m91tg242p2	velmanase alfa [usan:inn:who-dd]	who 10140	Mannosidase, alpha- (synthetic human)	126603-04-1	lysosomal alpha-mannosidase, recombinant	1492823-75-2	mannosidase, alpha, class 2b, member 1, recombinant	zinc ions	dietary zinc	zinc cations	ionic zinc	Zn(II) (incorrect)	Zinc ion (2+)	bdbm16	Zinc (2+)	Zn+2	CHEMBL1236970	CHEBI:63056	DTXSID40920495	DB14532	da-50356	da-58979	C00038	Q26987394	zinc ion (Zn 2+)	Zn++	Zn(+2)	Zn(++)
32838	25215-10-5	CH6N3+	60.07844	NC(N)=[NH2+]	CH5N3/c2-1(3)4/h(H5,2,3,4)/p+1	ZRALSGWEFCBTJO-UHFFFAOYSA-O	diaminomethylideneazanium	guanidine, conjugate monoacid (9CI)	guanidinium	guanidinium cation	guanidinium ion	triaminocarbenium	triaminomethylium	diaminomethaniminium	guanidinium ions	diaminomethaniminium ion	diaminomethaniminium ions	CHEBI:30087	CHEBI:60251	DTXSID30948067	[C(NH2)3](+)	Q27110397	43531-41-5	828937-44-6	876501-90-5	1416228-86-8	1608481-15-7	methylium, triamino-	C(NH2)3+	C(NH2)3+1	C(NH2)3(+1)	C(NH2)3(1+)	C(NH2)3(+)
34008	20644-97-7	OV+2	66.9409	[O].[V+2]	O.V/q;+2	MHHDXUNFNAZUGB-UHFFFAOYSA-N	oxovanadium(2+)	vanadyl	oxovanadium dication	Oxovanadium(2+)	oxovanadium(IV) ion	Vanadium monoxide(2+)	Vanadium oxide (VO), ion(2+)	Vanadium oxide (VO2+)	Vanadyl (VO2+) ion	vanadyl ion	Vanadyl ion (VO2+)	Vanadyl ion(2+)	Vanadyl(2+)	Vanadyl(2+) ion	vanadyl(II)	vanadyl ion(2+) (8CI,9CI)	oxovanadium iv	oxidovanadium(2+)	VO(2+)	oxovanadium(IV)	Vanadyl(2+)ions	Vanadium(4+) oxide ion	CHEBI:30046	DTXSID30174682	[VO](2+)	Q3554446	267004-34-2	vanadyl ion (2+)	VO++	VO+2	VO(+2)	VO(++)
62762	22541-79-3	Cr+2	51.9961	[Cr+2]	Cr/q+2	UZEDIBTVIIJELN-UHFFFAOYSA-N	chromium(2+)	chromium(2+)	chromium(2+) ion	chromium(II)	chromium(II) ion	chromium, ion (Cr2+)	chromous ion	Cr2+	Chromium (2+) ion	chromium (II)	Chromium (2+)	chromium, ion(cr2 )	CrII	chromium(II) cation	Cr+2	CHEBI:33006	Cr(2+)	DTXSID10177070	Q27115180	chromium ion (Cr 2+)	Cr++	Cr(+2)	Cr(++)
68178	15912-80-8	C24H20As+	383.3372	C1=CC=C(C=C1)[As+](C2=CC=CC=C2)(C3=CC=CC=C3)C4=CC=CC=C4	C24H20As/c1-5-13-21(14-6-1)25(22-15-7-2-8-16-22,23-17-9-3-10-18-23)24-19-11-4-12-20-24/h1-20H/q+1	PJMJFVQKDBRMIP-UHFFFAOYSA-N	tetraphenylarsanium	tetraphenylarsonium	arsonium, tetraphenyl-	Tetraphenylarsenic ion(1+)	tetraphenylarsenic radical	tetraphenylarsonium cation	tetraphenylarsonium ion	Tetraphenylarsonium ion(1+)	tetraphenylarsoniumion	tetraphenyl-arsonium	AsPh4(+)	tetra(phenyl)arsanium	tetraphenylarsenic(1+)	[AsPh4](+)	CHEBI:9501	pjmjfvqkdbrmip-uhfffaoysa-	DTXSID00936052	NS00096437	Q27108414	47387-01-9	47393-79-3	58280-83-4	97905-08-3	119674-54-3	127635-16-9	197152-64-0	arsonium, tetraphenyl	ph4as+	ph4as+1	Ph4As(+1)	Ph4As(1+)	Ph4As(+)
73212	14280-50-3	Pb+2	207.2	[Pb+2]	Pb/q+2	RVPVRDXYQKGNMQ-UHFFFAOYSA-N	lead(2+)	lead(2+)	lead (Pb2+)	lead dication	Lead ion(2+)	lead(II) ion	lead, ion (Pb2+)	Pb2+	plumbous ion	lead (II) ion	Lead(2+) ion	Pb(2+)	lead ion	Lead(2+)ions	Lead(2+) ions	lead-239	lead, isotope of mass 239	omaha	239pb	PbII	lead(II)	lead ion (Pb2+)	haro mix mh-204	PB(II)	CHEBI:49807	DTXSID10872437	78896-34-1	Q26840873	lead ion (Pb 2+)	Pb++	Pb+2	Pb(+2)	Pb(++)
75057	20256-54-6	C24H52N+	354.67638	CCCCCC[N+](CCCCCC)(CCCCCC)CCCCCC	C24H52N/c1-5-9-13-17-21-25(22-18-14-10-6-2,23-19-15-11-7-3)24-20-16-12-8-4/h5-24H2,1-4H3/q+1	DTIFFPXSSXFQCJ-UHFFFAOYSA-N	tetrahexylazanium	1-Hexanaminium, N,N,N-trihexyl-	Ammonium, tetrahexyl- (8CI)	tetrahexylammonium	tetrahexylammonium cation	tetrahexylammonium ion	Tetrahexylammoniumion(1+)	tetrahexyl ammonnium	n,n,n-trihexylhexan-1-aminium	tetrahexylazanium bromide	1-hexanaminium, n,n,n-trihexyl-	taa6	SCHEMBL123798	CHEMBL2074837	DTXSID90863368	bdbm50485613	Q27467498	93566-73-5	125636-75-1	142118-50-1	haxanaminium, n,n,n-trihexyl	hx4n+	hx4n+1	Hx4N(+1)	Hx4N(1+)	Hx4N(+)
77072	35414-25-6	C28H60N+	410.7827	CCCCCCC[N+](CCCCCCC)(CCCCCCC)CCCCCCC	C28H60N/c1-5-9-13-17-21-25-29(26-22-18-14-10-6-2,27-23-19-15-11-7-3)28-24-20-16-12-8-4/h5-28H2,1-4H3/q+1	YFZDLRVCXDBOPH-UHFFFAOYSA-N	tetraheptylazanium	1-Heptanaminium, N,N,N-triheptyl-	tetraheptylammonium	tetraheptylammonium cation	tetraheptylammonium ion	tetraheptylazanium bromide	n,n,n-triheptylheptan-1-aminium	taa7	SCHEMBL272990	yfzdlrvcxdboph-uhfffaoysa-	DTXSID00275751	STL483815	142118-52-3	heptanaminium, n,n,n-triheptyl	hp4n+	hp4n+1	Hp4N(+1)	Hp4N(1+)	Hp4N(+)
84768	12298-97-4	OZr+2	107.2234	[O].[Zr+2]	O.Zr/q;+2	XMBIRLFAIHSYMB-UHFFFAOYSA-N	oxozirconium(2+)	zirconyl ion(2+) (8CI,9CI)	Zirconium monoxide ion(2+)	Zirconium oxide (ZrO), ion(2+)	Zirconium oxide ion (ZrO2+)	Zirconium(2+), oxo-	zirconyl ion	zirconyl ion (2+)	ZrO++	ZrO+2	ZrO(+2)	ZrO(2+)	ZrO(++)
84878	14452-93-8	NO+	30.0061	N#[O+]	NO/c1-2/q+1	KEJOCWOXCDWNID-UHFFFAOYSA-N	azanylidyneoxidanium	nitrosyl	Nitric oxide (NO1+)	nitric oxide cation	Nitric oxide ion (NO+)	Nitric oxide ion (NO1+)	Nitric oxide ion(1+)	nitric oxide monocation	nitric oxide(1+)	Nitrogen monoxide cation(1+)	Nitrogen monoxide ion(1+)	nitrogen monoxide monocation	Nitrogen monoxide(1+)	Nitrogen oxide (NO), ion(1+)	Nitrogen oxide (NO1+)	Nitrogen oxide ion (NO+)	Nitrogen oxide ion(1+)	Nitrogen oxide(NO), ion(1+)	nitrosonium	nitrosonium cation	nitrosonium ion	Nitrosonium(1+)	nitrosyl cation	nitrosyl ion	Nitrosyl ion (NO1+)	Nitrosyl ion(1+)	Nitrosyl(1+)	nitrosyl ion (8CI,9CI)	nitrilooxonium	oxidonitrogen(+)	oxidonitrogen(1+)	nitrogen oxide cation	CHEBI:29120	DTXSID901027026	NO(+)	[NO](+)	Q2500533	NO+	67290-44-2	67328-62-5	67360-72-9	75117-79-2	77333-69-8	87792-63-0	90756-32-4	91784-43-9	93085-07-5	93110-16-8	95217-99-5	98259-33-7	123638-33-5	129364-71-2	135748-11-7	137867-06-2	188288-61-1	210043-54-2	313377-94-5	769124-20-1	857405-03-9	NO+1	NO(+1)	NO(1+)
87681	18500-32-8	H5N2+	33.0531	N[NH3+]	H4N2/c1-2/h1-2H2/p+1	OAKJQQAXSVQMHS-UHFFFAOYSA-O	aminoazanium	hydrazinium(1+)	ammonium, amino-	hydrazine cation	hydrazine monocation	hydrazinium	hydrazinium ion	Hydrazinium ion (N2H51+)	Hydrazinium ion(1+)	Hydrazinium ion(N2H51+)	hydrazonium	hydrazonium (6CI)	Hydrazonium(1+)	protonated hydrazine	hydrazinium(1+) (8CI,9CI)	diazanium	CHEBI:35324	H2NNH3(+)	DTXSID10171699	N2H5(+)	DTXCID6094190	Q25323797	16950-20-2	37369-96-3	38620-51-8	54774-61-7	58193-92-3	62901-69-3	124796-36-7	142599-78-8	174321-73-4	H5N2+	H5N2+1	H5N2(+1)	H5N2(1+)	H5N2(+)
104727	22537-23-1	Al+3	26.981538	[Al+3]	Al/q+3	REDXJYDRNCIFBQ-UHFFFAOYSA-N	aluminum(3+)	aluminum, ion (Al3+)	Al3+	aluminum ion	aluminum trication	aluminum(III)	aluminum(iii) ion	aluminum cation	aluminium, ion (Al3+)	alumunum ion	aluminum (ion)	UNII-3XHB1D032B	3xhb1d032b	Al+++	Al(3+)	CHEBI:49470	aluminium ion	aluminium(III)	aluminium(3+)	aluminum 3+	AlIII	aluminium(3+) ion	aluminum (III) ion	aluminium(III) cation	aluminium cation	DTXSID70912343	DB14519	Q27104698	aluminium ion (Al 3+)	Al+3	Al(+3)	Al(+++)
104729	22541-53-3	Co+2	58.9332	[Co+2]	Co/q+2	XLJKHNWPARRRJB-UHFFFAOYSA-N	cobalt(2+)	Co2+	co2+	cobalt cation (Co2+)	cobalt dication	Cobalt ion(2+)	Cobalt(2+)	cobalt(II) cation	cobalt(II) ion	cobalt, ion (Co2+)	cobaltous ion	cobaltous cation	cobalt ion	cobalt ions	cobalt(II)ions	Cobalt(2+)ions	Cobalt(2+) ions	Co(II)	Co++	UNII-AI1MR454XG	cobalt(II)	ai1mr454xg	cobalt(2+) ion	CHEBI:48828	Co(2+)	DTXSID20177066	cobalt, ion(co2 )	CoII	cobalt (II)	cobalt 2+	cobalt, ion(Co2)	Co+2	DTXCID7099557	DB14205	NCGC00248605-01	C00175	Q27104633	cobalt ion (Co 2+)	Co(+2)	Co(++)
104755	14701-21-4	Ag+	107.8682	[Ag+]	Ag/q+1	FOIXSVOLVBLSDH-UHFFFAOYSA-N	silver(1+)	silver(1+)	Ag(+1)	Ag1+	ethanol, mixt. with silver	silver cation	Silver cation(1+)	silver ion	Silver ion (1+)	silver ion (Ag+)	silver ion(I)	silver monocation	silver(1+) ion	silver(I)	silver, ion (Ag1+)	silver, ion	UNII-57N7B0K90A	57n7b0k90a	Ag(+)	CHEBI:49468	silver(I) cation	Ag+	silver elemental	silver,ion	collosol argentum	col sil	silver preparation	argent. nit.	argentum colloidale	dermazin crm 1%	flamazine crm 1%	silver (I)	silver (I) ion	nanover	ionic silver	silver ion antibacterial	silver standard for aas	silver standard for icp	hand sanitizer gel(Ag)	pekana - argentum metallicum	ancos silver ion antibacterial	Silver Liquid (S#107)-Liq	CHEMBL1230866	CHEBI:60253	argentum metallicum 4ch - 30ch	DTXSID10892099	argentum mettallicum gtte 4ch-30ch	DB14521	bp-13466	E174	ssd (1% silver sulfadiazine cream usp)	argentum metallicum (silver metallicum 6x)	nano silver antibacterial disinfectant	NS00131574	argentum met.praep.d8(d10 d12 d15 d20 d30)	Q27104658	1142836-41-6	silver ion (Ag 1+)	Ag+1	Ag(1+)
104798	22537-39-9	Sr+2	87.62	[Sr+2]	Sr/q+2	PWYYWQHXAPXYMF-UHFFFAOYSA-N	strontium(2+)	strontium(2+)	Sr2+	strontium cation	strontium dication	strontium ion	Strontium ion(2+)	strontium(2+) ion	strontium, ion (Sr2+)	Sr(2+)	UNII-37077S2C93	37077s2c93	CHEBI:35104	sr cation	strontium cations	strontium(II)	strontium titaniumoxide (SrTiO3)	SrII	strontium (II) ion	strontium(II) cation	Sr++	DTXSID7037688	CHEBI:39129	Q27104290	strontium ion (Sr 2+)	Sr+2	Sr(+2)	Sr(++)
104810	22541-12-4	Ba+2	137.327	[Ba+2]	Ba/q+2	XDFCIPNJCBUZJN-UHFFFAOYSA-N	barium(2+)	Ba2+	ba2+	barium (Ba2+)	barium cation	barium dication	barium ion	Barium ion(2+)	barium(2+) ion	barium(II) ion	barium, ion (Ba2+)	BaII	barium (II) ion	Ba(2+)	v645272hln	Ba++	UNII-V645272HLN	CHEBI:37136	barium cations	barium(II)	barium(II) cation	CHEBI:39125	DTXSID10896835	Q27104397	barium ion (Ba 2+)	Ba+2	Ba(+2)	Ba(++)
104815	17493-86-6	Cu+	63.546	[Cu+]	Cu/q+1	VMQMZMRVKUZKQL-UHFFFAOYSA-N	copper(1+)	copper(1+)	copper ion (Cu+)	Copper ion(1+)	copper(I)	copper(I) ion	copper, ion (Cu1+)	Cu1+	cuprous cation	cuprous ion	cuprous ion (Cu1+)	Copper(1+)ions	octocog alfa	139076-62-3	Cu+	helixate	kogenate	cuprous copper	obizur	helixate nexgen	helixate fs	kogenate fs	copper (I)	copper (1)	copper (+1)	Cu(I)	octocog alfa [inn:ban]	bay-w 6240	UNII-P89DR4NY54	Cu(+)	p89dr4ny54	bay w 6240	CHEBI:49552	DTXSID30169912	copper, ion (Cu1+) (8CI,9CI)	bay-14-2222	da-76379	C22423	Q27104705	Blood-coagulation factor VIII (human), glycoform alpha	copper ion (Cu 1+)	Cu+1	Cu(+1)	Cu(1+)
104883	22541-90-8	Sn+2	118.701	[Sn+2]	Sn/q+2	IUTCEZPPWBHGIX-UHFFFAOYSA-N	tin(2+)	tin(2+)	Sn2+	stannous ion	tin dication	tin, ion (Sn2+)	stannous cation	tin (II) ion	tin(II)	qi30938bms	UNII-QI30938BMS	Sn(2+)	tin(II) cation	SnII	tin(2+) ion	tin ion (2+)	Sn++	CHEBI:30475	DTXSID90896833	Q27113586	tin ion (Sn 2+)	Sn+2	Sn(+2)	Sn(++)
104894	23713-48-6	Sb+3	121.76	[Sb+3]	Sb/q+3	FAWGZAFXDJGWBB-UHFFFAOYSA-N	antimony(3+)	antimony(3+)	Antimony ion(3+)	Antimony(3+) ion	antimony(III)	antimony, ion (Sb3+)	Sb3+	Antimony cation (3+)	Antimony, ion (Sb(3+))	trivalent antimony	antimony (III) ion	UNII-069647RPT5	069647rpt5	antimony cation (3)	DTXSID10178380	antimony black	antimony cation (3 )	antimony element	antimony(III) cation	CHEBI:49867	DTXCID40100871	Q27104733	antimony ion (Sb 3+)	Sb+++	Sb+3	Sb(+3)	Sb(3+)	Sb(+++)
104897	16096-89-2	La+3	138.9055	[La+3]	La/q+3	CZMAIROVPAYCMU-UHFFFAOYSA-N	lanthanum(3+)	La3+	la3+	lanthanum (La3+)	Lanthanum ion(3+)	lanthanum(3+) ion	lanthanum(III)	lanthanum, ion (La3+)	lanthanum cation (3+)	lanthanum iii cation	lanthanum ion	lanthanum (III) ion	lanthanum cation (La3+)	o7fu5x12w5	Lanthanum(3+) ions	lanthanum(III) cation	CHEBI:49701	La(3+)	lanthanum cation (3)	UNII-O7FU5X12W5	DB14579	Q27104715	lanthanum ion (La 3+)	La+++	La+3	La(+3)	La(+++)
104967	18459-37-5	Cs+	132.90545	[Cs+]	Cs/q+1	NCMHKCKGHRPLCM-UHFFFAOYSA-N	cesium(1+)	cesium(1+)	cesium cation	cesium ion	Cesium ion(1+)	cesium monocation	cesium positive ion	cesium, ion (Cs1+)	Cesium, isotope of mass 133 (133Cs1+)	Cesium, isotope of mass 133(133Cs1+)	Cesium-133(1+)	Cs1+	lcc4bg14dm	UNII-LCC4BG14DM	Cs+	cesium(I)	cesium (I) ion	caesium(1+)	Cs(+)	CHEBI:49547	DTXSID601318357	Q27104703	850583-37-8	cesium ion (Cs 1+)	Cs+1	Cs(+1)	Cs(1+)
105005	22537-56-0	Tl+	204.3833	[Tl+]	Tl/q+1	ZLUSCZLCHQSJRU-UHFFFAOYSA-N	thallium(1+)	thallium(1+)	thallium ion (Tl+)	thallium ion (Tl1+)	Thallium ion(1+)	thallium monocation	thallium(1+) ion	thallium, ion (Tl1+)	thallous ion	Tl1+	thallous cation	thallium (I) ion	thallium(I)	thallium(I) cation	Tl(+)	UNII-HQ02V0P496	hq02v0p496	CHEBI:49920	DTXSID80177062	Tl+	thallium (I)	thallium (l) ion	DTXCID7099553	NCGC00248578-01	NCGC00248578-02	sr-01000944601	sr-01000944601-1	Q27104736	thallium ion (Tl 1+)	Tl+1	Tl(+1)	Tl(1+)
105055	18923-27-8	Yb+3	173.054	[Yb+3]	Yb/q+3	AWSFICBXMUKWSK-UHFFFAOYSA-N	ytterbium(3+)	Yb3+	yb3+	Ytterbium ion(3+)	Ytterbium(3+)	ytterbium(3+) ion	ytterbium(III)	ytterbium, ion (Yb3+)	ytterbium (III) ion	Ytterbium, ion(3+)	ytterbium(III) cation	CHEBI:49980	Yb(3+)	DTXSID00940437	Q27104742	ytterbium ion (Yb 3+)	Yb+++	Yb+3	Yb(+3)	Yb(+++)
105093	16065-91-1	Au+3	196.96655	[Au+3]	Au/q+3	CBMIPXHVOVTTTL-UHFFFAOYSA-N	gold(3+)	Au3+	au3+	Gold ion(+3)	gold(3+) ion	gold(III)	gold, ion (Au3+)	Gold cation (3+)	gold 3+ ion	Gold(3+), ion	gold (III)	Gold (Au(3+)), ion	UNII-7XM25QYI14	gold(III) cation	7xm25qyi14	Au(3+)	CHEBI:49496	DTXSID30166961	gold (III) ion	DTXCID8089452	Q27104701	gold ion (Au 3+)	Au+++	Au+3	Au(+3)	Au(+++)
105130	14546-48-6	Mn+3	54.938049	[Mn+3]	Mn/q+3	MMIPFLVOWGHZQD-UHFFFAOYSA-N	manganese(3+)	manganese(3+)	Manganese ion(3+)	manganese(3+) ion	manganese(III)	manganese, ion (Mn3+)	Mn3+	Manganese(3+), ion	Manganese(3+)ions	manganese (III) ion	manganese, ion(Mn3+)	Mn+3	Mn(3+)	manganic ion	MnIII	manganese(III) cation	Mn(III)	CHEBI:29041	DTXSID70163050	C19611	Q27104044	manganese ion (Mn 3+)	Mn+++	Mn(+3)	Mn(+++)
105143	23713-46-4	Bi+3	208.9804	[Bi+3]	Bi/q+3	JDIBGQFKXXXXPN-UHFFFAOYSA-N	bismuth(3+)	bismuth, ion (Bi3+)	Bi3+	bismuth 3+ ion	Bismuth ion(3+)	bismuth(III)	bismuth cation	Bismut(III)-ion	Wismut(III)-ion	UNII-ZS9CD1I8YE	zs9cd1i8ye	bisumth(3+) ion	bismuth(III) cation	BISMUTH CATION (3+)	Bi(3+)	Bismuth(III) tert-pentoxide	bismuth (III) ion	bismuth cations	bi cation	bismuth(iii) ion	Bi(III) cation	bismuth-209	CHEBI:85544	CHEBI:85545	bdbm610686	AKOS025294225	DB14572	us10624871, compound bi(NO3)3	Q27158631	bismuth ion (Bi 3+)	Bi+++	Bi+3	Bi(+3)	Bi(+++)
105144	16065-88-6	Pd+2	106.42	[Pd+2]	Pd/q+2	MUJIDPITZJWBSW-UHFFFAOYSA-N	palladium(2+)	palladium, ion (Pd2+)	Palladium ion(2+)	Palladium(2+) ion	palladous ion	Pd2+	palladium ion	Allyl[1,3-bis(2,6-diisopropylphenyl)imidazol-2-ylidene]chloropalladium(II)	Palladium(2+), ion	palladium(II)	Palladium, ion (Pd(2+))	palladium(+2)	Pd++	DTXSID10936361	Q27464366	palladium ion (Pd 2+)	Pd+2	Pd(+2)	Pd(2+)	Pd(++)
105145	22537-33-3	Ga+3	69.723	[Ga+3]	Ga/q+3	CKHJYUSOUQDYEN-UHFFFAOYSA-N	gallium(3+)	gallium(3+)	Ga3+	Gallium (ga3+)	Gallium ion(3+)	gallium trication	Gallium(3+) ion	gallium(III)	gallium, ion (Ga3+)	gallium cation	gallium(III) cation	Gallium, ion(3+)	gallium (III) ion	Gallium(3+) cation	gallium ion	UNII-F7K5MP217W	f7k5mp217w	Ga(3+)	Ga(III)	CHEBI:84043	DTXSID90177058	DTXCID3099549	DB14524	Q27157431	gallium ion (Ga 3+)	Ga+++	Ga+3	Ga(+3)	Ga(+++)
105146	22541-63-5	Co+3	58.9332	[Co+3]	Co/q+3	JAWGVVJVYSANRY-UHFFFAOYSA-N	cobalt(3+)	Co3+	co3+	Cobalt ion(3+)	Cobalt(3+)	Cobalt(3+) ion	cobalt(III)	cobalt(III) ion	cobalt, ion (Co3+)	cobaltic ion	cobaltic ion (Co3+)	cobaltic cation	ir00kt3w8t	Co(3+)	UNII-IR00KT3W8T	CoIII	cobalt (III)	COBALT, ION (3+)	CHEBI:49415	DTXSID40177068	Q27104654	cobalt ion (Co 3+)	Co+++	Co+3	Co(+3)	Co(+++)
105148	22537-49-1	In+3	114.818	[In+3]	In/q+3	RJMMFJHMVBOLGY-UHFFFAOYSA-N	indium(3+)	indium(3+)	In3+	Indium ion(3+)	indium trication	indium, ion (In3+)	indium iii	indium cation	indium(3+) ion	indium (III) ion	Indium, ion(3+)	UNII-1WAM8X3F2I	1wam8x3f2i	indium(III) cation	indium(III) ion	CHEBI:49664	In(3+)	DTXSID20177061	indium(III)	indium cation (3+)	DTXCID2099552	sr-01000944468	sr-01000944468-1	Q27104714	indium ion (In 3+)	In+++	In+3	In(+3)	In(+++)
105150	16065-92-2	Th+4	232.0381	[Th+4]	Th/q+4	YMURPAJPLBCAQW-UHFFFAOYSA-N	thorium(4+)	thorium, ion (Th4+)	Th4+	Thorium ion(4+)	Thorium(4+) ion	thorium(IV) cation	thorium hydride	thorium (IV) ion	thorium, ion	Thorium(4+), ion	Thorium (4+)	Th(4+)	DTXSID90936364	thorium ion (Th 4+)	Th++++	Th+4	Th(+4)	Th(++++)
105153	22537-38-8	Rb+	85.4678	[Rb+]	Rb/q+1	NCCSSGKUIKYAJD-UHFFFAOYSA-N	rubidium(1+)	rubidium(1+)	Rb+	Rb1+	rubidium cation	rubidium ion	Rubidium ion(1+)	rubidium monocation	rubidium, ion (Rb1+)	UNII-PR87B22TGJ	pr87b22tgj	rubidium(I) cation	rubidium(1+) ion	CHEBI:49847	DTXSID50177059	rubidium(I)	rubidium +	rubidium (I) ion	rubidium [UN1423]	Rb(+)	DTXCID2099550	C17061	Q27104730	850583-36-7	rubidium ion (Rb1+)	Rb+1	Rb(+1)	Rb(1+)
105159	22541-18-0	Eu+3	151.964	[Eu+3]	Eu/q+3	LNBHUCHAFZUEGJ-UHFFFAOYSA-N	europium(3+)	Eu3+	eu3+	europium (Eu3+)	europium (III) cation	Europium ion(3+)	europium trication	Europium(3+)	europium(3+) ion	europium(III)	europium, ion (Eu3+)	europium (III) ion	europium(III) cation	europium, ion(eu3 )	CHEBI:49591	Eu(3+)	DTXSID70945191	Q27104707	europium ion (Eu 3+)	Eu+++	Eu+3	Eu(+3)	Eu(+++)
105166	22542-10-5	Pt+2	195.078	[Pt+2]	Pt/q+2	HRGDZIGMBDGFTC-UHFFFAOYSA-N	platinum(2+)	platinum(2+)	Platinum ion(2+)	platinum(II) ion	platinum, ion (Pt2+)	Pt2+	platinum (II) ion	Pt(2+)	platinum(2+) ion	platinum(II)	platinum (II)	PtII	platinum(II) cation	CHEBI:49832	DTXSID90177073	Q27104727	platinum ion (Pt 2+)	Pt++	Pt+2	Pt(+2)	Pt(++)
105172	14627-67-9	Tl+3	204.3833	[Tl+3]	Tl/q+3	XWVKTOHUMPLABF-UHFFFAOYSA-N	thallium(3+)	thallium(3+)	thallic ion	Thallium ion(3+)	thallium(3+) ion	thallium(III) ion	thallium, ion (Tl3+)	Tl3+	thallic cation	thallium, ion	UNII-536JFO36EN	536jfo36en	thallium(III) cation	CHEBI:30439	Tl(3+)	DTXSID30163334	thallium (III)	DTXCID5085825	Q27113560	thallium ion (Tl 3+)	Tl+++	Tl+3	Tl(+3)	Tl(+++)
107649	22537-20-8	Be+2	9.012182	[Be+2]	Be/q+2	PWOSZCQLSAMRQW-UHFFFAOYSA-N	beryllium(2+)	beryllium(2+)	Be2+	beryllium (Be2+)	beryllium ion	Beryllium ion(2+)	beryllium, ion (Be2+)	beryllium cation	ymb6gl9wcj	Be(2+)	beryllium(2+) ion	BeII	0be	beryllium (II) ion	beryllium(II) cation	UNII-YMB6GL9WCJ	Be++	CHEBI:30502	DTXSID701317564	a4885	Q27113813	beryllium ion (Be 2+)	Be+2	Be(+2)	Be(++)
114853	18923-26-7	Ce+3	140.116	[Ce+3]	Ce/q+3	XQTIWNLDFPPCIU-UHFFFAOYSA-N	cerium(3+)	Ce3+	ce3+	cerium (Ce3+)	cerium(3+) ion	cerium, ion (Ce3+)	cerous cation	cerous ion	72q4u60jwi	Ce(3+)	cerium(III)	cerium (III)	UNII-72Q4U60JWI	CHEBI:48782	DTXSID40940436	Q27104625	cerium ion (Ce 3+)	Ce+++	Ce+3	Ce(+3)	Ce(+++)
114942	16043-45-1	Ti+4	47.867	[Ti+4]	Ti/q+4	LCKIEQZJEYYRIY-UHFFFAOYSA-N	titanium(4+)	titanium, ion (Ti4+)	Antidote T (Ti4+-containing)	Antidote T (titanium-containing)	Ti4+	titanium (Ti4+)-contg. antidote t	Titanium ion(4+)	titanium(4+) ion	titanium(IV)	Titanium cation (4+)	7r411emj0n	titanium, ion(ti3 )	UNII-7R411EMJ0N	titanate	tiunite	titanium (IV)	ebt (metal)	titianium (IV) ion	dentcraft titan ingot	alpaste rta 030	ptkh 2	titanium(IV) ion	dat 5e	dat 1	titanium fulleride (TiC20)	Ti(4+)	DTXSID80936292	Q27268742
114945	20681-14-5	Au+	196.96655	[Au+]	Au/q+1	ZBKIUFWVEIBQRT-UHFFFAOYSA-N	gold(1+)	gold(1+)	Au1+	Gold (Au11+)	Gold ion(1+)	gold monocation	gold(1+) ion	gold, ion (Au1+)	Gold cation (1+)	gold ion	gold (Au1+)	gold(I) cation	3d8cuh9f21	Gold, ion(1+)	UNII-3D8CUH9F21	myochrysine	Au(+)	CHEBI:49482	DTXSID10942886	Au+	gold colloidal	gold elemental	au gold powder	gold(I)	DTXCID101371271	DB14534	Q27104699	gold ion (Au 1+)	Au+1	Au(+1)	Au(1+)
115041	23411-85-0	AlH2O2+	60.996218	[OH-].[OH-].[Al+3]	Al.2H2O/h;2*1H2/q+3;;/p-2	XRKBBQQCEKMQIO-UHFFFAOYSA-L	aluminum;dihydroxide	aluminum(1+), dihydroxy- (9CI)	Aluminum(1+), dihydroxy-, ion (8CI)	Dihydroxyaluminum(1+)	Aluminum(1+), dihydroxy-	Al(OH)2+	Al(OH)2+1	Al(OH)2(+1)	Al(OH)2(1+)	Al(OH)2(+)
115139	15543-40-5	Zr+4	91.224	[Zr+4]	Zr/q+4	GBNDTYKAOXLLID-UHFFFAOYSA-N	zirconium(4+)	zirconium, ion (Zr4+)	Zirconium ion(4+)	Zr4+	Zirconium cation (4+)	zirconium, ion	Zirconium(4+), ion	zirconium ion	UNII-91WHB38Z4C	91whb38z4c	zirconium iv cation	DTXSID90165899	zirconium (IV) ion	DTXCID9088390	Zr(4+)	Q27271432	zirconium ion (Zr 4+)	Zr++++	Zr+4	Zr(+4)	Zr(++++)
115283	16458-09-6	AlHO+2	43.988878	[OH-].[Al+3]	Al.H2O/h;1H2/q+3;/p-1	JYSUNCQNYHDZEK-UHFFFAOYSA-M	aluminum;hydroxide	aluminum(2+), hydroxy- (9CI)	Aluminum(2+), hydroxy-, ion (8CI)	Hydroxyaluminum(2+)	Aluminum(2+), hydroxy-	al-h-o	DTXSID10167779	11085-74-8	AlOH++	AlOH+2	AlOH(+2)	AlOH(2+)	AlOH(++)
119249	22541-17-9	Sm+3	150.36	[Sm+3]	Sm/q+3	DOSGOCSVHPUUIA-UHFFFAOYSA-N	samarium(3+)	samarium(3+)	Samarium ion(3+)	Samarium(3+) ion	samarium(III)	samarium, ion (Sm3+)	Sm3+	samarium cation	samarium (III) ion	UNII-2PG740MMC2	2pg740mmc2	Sm(III)	CHEBI:49890	Sm(3+)	DTXSID10945190	samarium, ion(sm3 )	samarium, ion(Sm3)	DTXCID601373515	Q27255397	samarium ion (Sm 3+)	Sm+++	Sm+3	Sm(+3)	Sm(+++)
119438	16065-90-0	Ce+4	140.116	[Ce+4]	Ce/q+4	ITZXULOAYIAYNU-UHFFFAOYSA-N	cerium(4+)	cerium(4+)	Ce4+	ceric cation	ceric ion	ceric ion (Ce4+)	Ceric ion(+4)	cerium (Ce4+)	Cerium ion(4+)	cerium(4+) ion	cerium(IV)	cerium(IV) cation	cerium, ion (Ce4+)	cerium (IV)	Ce(4+)	CHEBI:37264	DTXSID30936363	Q27117088	cerium ion (Ce 4+)	Ce++++	Ce+4	Ce(+4)	Ce(++++)
123332	13968-08-6	H3O+	19.02322	[OH3+]	H2O/h1H2/p+1	XLYOFNOQVPJJNP-UHFFFAOYSA-O	oxidanium	oxonium	aquahydrogen(1+)	Hydrated water (H3O+)	hydrogen ion, hydrate (1:1)	Hydrogen ion, hydrate (H3O+)	Hydrogen oxide (H3O+)	hydronium	Hydronium (H3O+)	Hydronium (H3O1+)	hydronium cation	hydronium ion	Hydronium ion (H3O+)	Hydronium ion (H3O1+)	Hydronium ion(1+)	Hydronium(1+)	hydroxonium	hydroxonium ion	oxonium ion	Oxonium ion (H3O1+)	Oxonium(1+)	H3O+	trihydridooxygen(1+)	H(3)0+	CHEBI:29412	DTXSID20893597	H3O(+)	trideuteriooxidanium	(OH3)(+)	[OH3](+)	hydronium, ion	d3o	Dihydrogenoxygen(1+) ion	DTXCID501323624	Q849881	Q27110320	12501-18-7	30472-91-4	473701-38-1	913184-70-0	936242-48-7	1131519-62-4	1221564-02-8	H3O+1	H3O(+1)	H3O(1+)
159790	16455-68-8	H12N4Pt+2	263.20008	N.N.N.N.[Pt+2]	4H3N.Pt/h4*1H3;/q;;;;+2	NOWPEMKUZKNSGG-UHFFFAOYSA-N	azane;platinum(2+)	platinum(2+), tetraammine-, (SP-4-1)- (9CI)	Platinum(2+), tetraammine-, ion (8CI)	Tetraamineplatinum(2+)	tetraammine platinum(II)	Tetraammineplatinum(2+)	tetramineplatinum(II)	tetraamine platinum	tetraammineplatinum(II)	Platinum(2+), tetraammine-, (SP-4-1)-	azane; platinum(2+)	DTXSID701336075	a807524	platinum (2+), tetraammine-	Pt(NH3)4++	Pt(NH3)4+2	Pt(NH3)4(+2)	Pt(NH3)4(2+)	Pt(NH3)4(++)
164912	18198-39-5	C24H20P+	339.389361	C1=CC=C(C=C1)[P+](C2=CC=CC=C2)(C3=CC=CC=C3)C4=CC=CC=C4	C24H20P/c1-5-13-21(14-6-1)25(22-15-7-2-8-16-22,23-17-9-3-10-18-23)24-19-11-4-12-20-24/h1-20H/q+1	USFPINLPPFWTJW-UHFFFAOYSA-N	tetraphenylphosphanium	tetraphenylphosphonium	phosphonium, tetraphenyl-	tetraphenylphosphonium cation	tetraphenylphosphonium ion	Tetraphenylphosphonium ion(1+)	tpp+	UNII-U9IF5Y5IND	u9if5y5ind	CHEBI:44880	tetraphenylphosphorus(1+)	PPh4(+)	DTXSID00171224	[PPh4](+)	tetraphenylphosphonium [MI]	(PPh4)(+)	2bow	tetraphenylphosphine	P4P	MFCD00011917	tetrakisphenylphosphine	3b5d	phosphonium, tetraphenyl	SCHEMBL26674	gtpl4558	SCHEMBL2932036	CHEMBL1182234	DTXCID5093715	3b62	bdbm50420222	STL483864	SY103672	NS00040982	Q27089016	208172-05-8	1092170-50-7	ph4p+	ph4p+1	Ph4P(+1)	Ph4P(1+)	Ph4P(+)
167511	16065-89-7	Rh+3	102.9055	[Rh+3]	Rh/q+3	PZSJYEAHAINDJI-UHFFFAOYSA-N	rhodium(3+)	rhodium, ion (Rh3+)	Rh3+	Rhodium ion(3+)	Rhodium(3+) ion	rhodium(III) ion	rhodium (III) ion	Rhodium, ion (Rh(3+))	Rh(3+)	DTXSID70936362	Q27465037	rhodium ion (Rh 3+)	Rh+++	Rh+3	Rh(+3)	Rh(+++)
168049	22537-40-2	Y+3	88.90585	[Y+3]	Y/q+3	GRTBAGCGDOYUBE-UHFFFAOYSA-N	yttrium(3+)	Y3+	y3+	yttrium cation	yttrium ion	Yttrium ion(3+)	yttrium trication	yttrium(III)	yttrium, ion (Y3+)	yttrium (III) ion	yttrium(3+) ion	1fyp74lm4p	Y(3+)	UNII-1FYP74LM4P	c11-acetate	yttrium(III) cation	CHEBI:49962	pd063155	brd-k83914624-415-01-3	Q27104740	yttrium ion (Y 3+)	Y+++	Y+3	Y(+3)	Y(+++)
168050	22541-19-1	Gd+3	157.25	[Gd+3]	Gd/q+3	RJOJUSXNYCILHH-UHFFFAOYSA-N	gadolinium(3+)	Gd3+	gd3+	gadolinium ion	Gadolinium ion(3+)	Gadolinium(3+)	gadolinium(3+) ion	gadolinium(III)	gadolinium, ion (Gd3+)	Gadolinium cation (3+)	gadolinium cation	azv954tz9n	gadolinium(III) cation	UNII-AZV954TZ9N	GADOLINIUM, ION (3+)	gadolinium, ion(Gd3)	gadolinium, ion(gd3 )	CHEBI:49618	Gd(3+)	DTXSID40892981	DB14578	Q27104709	gadolinium ion (Gd 3+)	Gd+++	Gd+3	Gd(+3)	Gd(+++)
168051	22541-20-4	Tb+3	158.92534	[Tb+3]	Tb/q+3	HKCRVXUAKWXBLE-UHFFFAOYSA-N	terbium(3+)	terbium(3+)	Tb3+	terbium(3+) ion	terbium(III)	terbium, ion (Tb3+)	terbium(III) ion	terbium(III) cation	CHEBI:49902	Tb(3+)	DTXSID30945192	terbium, ion(tb3 )	terbium, ion(Tb3)	DTXCID001373517	Q27104735	Aluminum(+3)cation; cerium(+3)cation; magnesium(+2)cation; oxygen(-2)anion; terbium(+3)cation	terbium ion (Tb 3+)	Tb+++	Tb+3	Tb(+3)	Tb(+++)
177707	15906-92-0	CrHO+2	69.00344	[OH-].[Cr+3]	Cr.H2O/h;1H2/q+3;/p-1	IGIOUAZJUMGWPQ-UHFFFAOYSA-M	chromium(3+);hydroxide	chromium(2+), hydroxy- (9CI)	Chromium(2+), hydroxy-, ion (8CI)	Chromium hydroxide ion (CrOH2+)	Chromium monohydroxide(2+)	Chromium(2+), hydroxy-	12324-06-0	CrOH++	CrOH+2	CrOH(+2)	CrOH(2+)	CrOH(++)
177711	15969-58-1	Ti+2	47.867	[Ti+2]	Ti/q+2	MJOXZELXZLIYPI-UHFFFAOYSA-N	titanium(2+)	titanium, ion (Ti2+)	Ti2+	Titanium ion(2+)	titanium, ion	titanium(2+) ion	DTXSID80936156
181095	16910-54-6	Eu+2	151.964	[Eu+2]	Eu/q+2	MGVUQZZTJGLWJV-UHFFFAOYSA-N	europium(2+)	europium, ion (Eu2+)	Eu2+	europium (Eu2+)	Europium ion(2+)	europium(2+) ion	europium, ion	europium(II) cation	CHEBI:49588	Eu(2+)	DTXSID00937589	Q27104706	europium ion (Eu 2+)	Eu++	Eu+2	Eu(+2)	Eu(++)
185491	22541-14-6	Pr+3	140.90765	[Pr+3]	Pr/q+3	WCWKKSOQLQEJTE-UHFFFAOYSA-N	praseodymium(3+)	praseodymium, ion (Pr3+)	Pr3+	praseodymium (Pr3+)	Praseodymium ion(3+)	Praseodymium(3+) ion	praseodymium ion	canca	praseodymium ion (pr3 )	praseodymium, ion(pr3 )	Pr(3+)	CHEBI:229784	Pr3	Q27464533	praseodymium ion (Pr 3+)	Pr+++	Pr+3	Pr(+3)	Pr(+++)
185492	22541-21-5	Dy+3	162.5	[Dy+3]	Dy/q+3	IOIFRTZBJMZZFO-UHFFFAOYSA-N	dysprosium(3+)	dysprosium, ion (Dy3+)	Dy3+	Dysprosium ion(3+)	Dysprosium(3+)	Dysprosium(3+) ion	dysprosium ion(dy3 )	dysprosium-iii	dysprosium, ion(dy3 )	dysprosium ion (Dy 3+)	Dy+++	Dy+3	Dy(+3)	Dy(3+)	Dy(+++)
185493	22541-22-6	Ho+3	164.93032	[Ho+3]	Ho/q+3	SCKNFLZJSOHWIV-UHFFFAOYSA-N	holmium(3+)	holmium(3+)	Ho3+	holmium (Ho3+)	Holmium ion (3+)	holmium(3+) ion	holmium(III)	holmium, ion (Ho3+)	holmium (III) atom	holmium-iii	holmium, ion(ho3 )	holmium(III) cation	CHEBI:49650	Ho(3+)	DTXSID101318221	Q27104713	holmium ion (Ho 3+)	Ho+++	Ho+3	Ho(+3)	Ho(+++)
185494	22541-23-7	Tm+3	168.93421	[Tm+3]	Tm/q+3	PWWGCBMGIAPMHQ-UHFFFAOYSA-N	thulium(3+)	thulium, ion (Tm3+)	Thulium ion(3+)	Thulium(3+)	Thulium(3+) ion	Tm3+	thulium(3 ) ion	thulium(3 )	thulium, ion(tm3 )	thulium ion (Tm 3+)	Tm+++	Tm+3	Tm(+3)	Tm(3+)	Tm(+++)
185495	22541-24-8	Lu+3	174.9668	[Lu+3]	Lu/q+3	PSDMOPINLDTFSZ-UHFFFAOYSA-N	lutetium(3+)	lutetium, ion (Lu3+)	Lu3+	Lutetium ion(3+)	lutetium(III)	lutetium (III) ion	Lutetium cation (3+)	vge918ncou	lutetium ion(3 )	lutetium, ion(lu3 )	UNII-VGE918NCOU	lutetium(3+) ion	lutetium(III) cation	CHEBI:49746	Lu(3+)	Lu3	Q27104718	lutetium ion (Lu 3+)	Lu+++	Lu+3	Lu(+3)	Lu(+++)
453369	14695-95-5	CoH18N6+3	161.11632	N.N.N.N.N.N.[Co+3]	Co.6H3N/h;6*1H3/q+3;;;;;;	DYLMFCCYOUSRTK-UHFFFAOYSA-N	azane;cobalt(3+)	cobalt(3+), hexaammine-, (OC-6-11)-	Cobalt(3+), hexaammine-, ion (8CI)	(OC-6-11)-Hexaamminecobalt(3+)	hexaamine cobalt(III)	Hexaaminecobalt(3+)	Hexaamminecobalt(3+)	hexaamminecobalt(III)	cobalt hexammine(iii)	cobalt hexammine ion	cobalt iii hexamine	Co(NH3)6	hexakis(azaniumyl)cobalt(3+)	CHEBI:30027	[Co(NH3)6](3+)	DB03350	28219-81-0	34083-21-1	51888-47-2	76540-40-4	86547-00-4	cobalt (3+), hexaammine-	Co(NH3)6+++	Co(NH3)6+3	Co(NH3)6(+3)	Co(NH3)6(3+)	Co(NH3)6(+++)
644041	17000-00-9	CH6N+	32.06504	C[NH3+]	CH5N/c1-2/h2H2,1H3/p+1	BAVYZALUXZFZLV-UHFFFAOYSA-O	methylazanium	methanamine, conjugate acid (9CI)	methylamine, conjugate acid (8CI)	methylamine, conjugate acid of (7CI)	methanaminium	methylammonium	methylammoniumcation	methylammonium ion	monomethylammonium	monoprotonated methylamine	protonated methylamine	monomethylammonium ion	N-methylammonium	methanaminium cation	methylaminium cation	methylammonium cation	methylammonium radical	a primary methyl amine	primary methyl ammonium ion	CHEBI:59338	DTXSID20937723	CHEBI:131823	CHEBI:193112	CHEBI:228804	NCGC00248724-01	Q27104851	106288-49-7	109137-95-3	134335-41-4	146286-03-5	methanamine, conjugate acid	CH3NH3+	CH3NH3+1	CH3NH3(+1)	CH3NH3(1+)	CH3NH3(+)
3082113	16972-61-5	AgH6N2+	141.92924	N.N.[Ag+]	Ag.2H3N/h;2*1H3/q+1;;	IWIFJNQIJSKDJE-UHFFFAOYSA-N	silver;azane	silver(1+), diammine- (9CI)	Silver(1+), diammine-, ion (8CI)	Diaminesilver ion (Ag(NH3)2+)	diamminesilver(1+)	silver hydride nitride (AgH9N2)	silver diammine	Silver(1+), diammine-	silver (1+), diammine-	DTXSID10168741	Q27115393	1033007-81-6	silver (1+), bis(ammine)-	Ag(NH3)2+	Ag(NH3)2+1	Ag(NH3)2(+1)	Ag(NH3)2(1+)	Ag(NH3)2(+)
3266381	36812-31-4	CaHO+	57.08534	[OH-].[Ca+2]	Ca.H2O/h;1H2/q+2;/p-1	ZLYHCTAZFNBBLQ-UHFFFAOYSA-M	calcium;hydroxide	calcium(1+), hydroxy- (9CI)	Hydroxycalcium(1+)	39327-29-2	CaOH+	CaOH+1	CaOH(+1)	CaOH(1+)	CaOH(+)
3609161	14522-82-8	NO2+	46.0055	O=[N+]=O	NO2/c2-1-3/q+1	OMBRFUXPXNIUCZ-UHFFFAOYSA-N	nitronium	nitryl ion	Nitrogen dioxide ion (NO21+)	Nitrogen dioxide ion(1+)	Nitrogen dioxide(1+)	Nitrogen oxide (NO2), ion(1+)	Nitrogen oxide (NO21+)	nitronium	nitronium ion	Nitronium ion(1+)	Nitronium(1+)	nitryl	Nitryl ion(1+)	nitryl ion (8CI,9CI)	dioxidonitrogen(1+)	2no	nitryl cation	oxoazane oxide #	N2O+	NO2+	CHEBI:29424	(NO2)(+)	Q418329	35418-90-7	43423-96-7	78681-82-0	95065-67-1	96316-50-6	100403-86-9	102279-59-4	109604-87-7	111458-38-9	116025-37-7	127486-86-6	143509-09-5	330581-27-6	439681-78-4	736869-87-7	807261-37-6	1221902-72-2	NO2+1	NO2(+1)	NO2(1+)	NO2(+)
3779597	18472-30-5	Er+3	167.259	[Er+3]	Er/q+3	JHFPQYFEJICGKC-UHFFFAOYSA-N	erbium(3+)	erbium, ion (Er3+)	Er3+	erbium (Er3+)	erbium ion	Erbium ion(3+)	Erbium(3+)	Erbium(3+) ion	erbium (iii) ion	Erbium, ion(3+)	Q27460037	erbium ion (Er 3+)	Er+++	Er+3	Er(+3)	Er(3+)	Er(+++)
3783411	31479-14-8	H6N2+2	34.06104	[NH3+][NH3+]	H6N2/c1-2/h1-2H3/q+2	DIDREYHESYMPRP-UHFFFAOYSA-N	azaniumylazanium	hydrazinium(2+) (9CI)	hydrazine dication	24778-64-1	58193-93-4	85432-51-5	hydrazinium ion (2+)	N2H6++	N2H6+2	N2H6(+2)	N2H6(2+)	N2H6(++)
3788361	14913-52-1	Nd+3	144.24	[Nd+3]	Nd/q+3	UYIXUPGBIXNDHN-UHFFFAOYSA-N	neodymium(3+)	neodymium, ion (Nd3+)	Nd3+	Neodymium(3+) ion	Neodymium, ion(3+)	neodymium, ion(Nd3+)	Neodymium (3+)	Neodymium(3+), ion	Nd(3+)	CHEBI:229785	22541-15-7	neodymium ion (Nd 3+)	Nd+++	Nd+3	Nd(+3)	Nd(+++)
4077523	22537-50-4	Sn+4	118.701	[Sn+4]	Sn/q+4	SYRHIZPPCHMRIT-UHFFFAOYSA-N	tin(4+)	tin(IV)	Sn4+	stannic ion	Tin ion(4+)	Tin(4+)	tin(4+) ion	tin, ion (Sn4+)	innohep	stannic cation	xpm618y22p	UNII-XPM618Y22P	tin(IV) cation	stanum	haro mix zt-514	tin(IV) ion	CHEBI:30476	Sn(4+)	Q26840988	tin ion (Sn 4+)	Sn++++	Sn+4	Sn(+4)	Sn(++++)
4534583	22537-29-7	Sc+3	44.95591	[Sc+3]	Sc/q+3	CFPVQGQJRGIWSP-UHFFFAOYSA-N	scandium(3+)	scandium, ion (Sc3+)	Sc3+	scandium cation	Scandium ion(3+)	scandium(III) cation	Scandium, ion(3+)	Sc(III)	Sc(3+)	CHEBI:231857	scandium ion (Sc 3+)	Sc+++	Sc+3	Sc(+3)	Sc(+++)
5153393	22541-75-9	Ti+3	47.867	[Ti+3]	Ti/q+3	CMWCOKOTCLFJOP-UHFFFAOYSA-N	titanium(3+)	titanium, ion (Ti3+)	Ti3+	titanium (Ti3+)	Titanium ion(3+)	Titanium(3+)	titanium(III)	titanium(III) ion	titanous ion	trivalent titanium	titanium (III)	TiIII	CHEBI:190496	titanium ion (Ti 3+)	Ti+++	Ti+3	Ti(+3)	Ti(3+)	Ti(+++)
5460504	16749-13-6	H4P+	35.005521	[PH4+]	H3P/h1H3/p+1	XYFCBTPGUUZFHI-UHFFFAOYSA-O	phosphanium	phosphonium	phosphine, conjugate acid	phosphorane	phosphorus cation	phosphorus(1+)	lambda(5)-phosphane	phosphorus(1+) ion	phosphorus(I) cation	phosphonium cation	mono-phosphonium	tetrahydridophosphorus(1+)	CHEBI:30282	UNII-094H06A71I	094h06a71i	13769-19-2	DTXSID50420092	PH4(+)	[PH4](+)	(PH4)(+)	lambda5-phosphorane	phosphorus pentahydride	hydridophosphorus(1+)	phosphine conjugate acid	CHEBI:30285	CHEBI:33467	DTXCID20370939	DTXSID701318229	Q907718	Q27110346	Q27110350	Q27111639	Q27111642	Q27115660	16427-80-8	19287-78-6	72490-73-4	96737-79-0	165751-93-9	PH4+	PH4+1	PH4(+1)	PH4(1+)
5460634	14464-47-2	D+	2.014102	[2H+]	p+1/i/hD	GPRLSGONYQIRFK-DYCDLGHISA-N	deuteron	deuterium, ion (D1+)	d1+	Deuterium atom ion (D+)	Deuterium atom(1+)	Deuterium ion(1+)	Deuterium ion(D+)	deuterium(1+)	Deuterium, ion (D1+)	deuteron	12597-73-8	deuterium cation	CHEBI:29233	DTXSID50925330	D(+)	(2)H(+)	Q503527	(2)1H(+)	51982-53-7	deuterium ion (1+)	d+	d+1	D(+1)	D(1+)
5460652	12596-26-8	Hg2+2	401.18	[Hg+].[Hg+]	2Hg/q2*+1	BGARROUSYWXSED-UHFFFAOYSA-N	mercury(1+)	mercury, ion (Hg22+) (8CI,9CI)	Hg22+	Mercurous ion (Hg22+)	Mercury (Hg22+)	Mercury dimer ion (Hg22+)	Mercury dimer(2+)	Q27109871	34767-64-1	59053-59-7	72749-96-3	mercury ion (Hg2 2+)	Hg2++	Hg2+2	Hg2(+2)	Hg2(2+)	Hg2(++)
5460753	15121-26-3	V+2	50.9415	[V+2]	V/q+2	BLSRSXLJVJVBIK-UHFFFAOYSA-N	vanadium(2+)	vanadium(2+)	V2+	vanadium (II)	Vanadium ion(2+)	vanadium(2+) ion	vanadium, ion (V2+)	Vanadium(2+), ion	Vanadium (2+)	vanadium, ion(V2+)	vanadium(II) cation	CHEBI:33004	DTXSID70934186	V(2+)	vanadiumion	DTXCID401362839	Q27115178	vnadium ion (V 2+)	V++	V+2	V(+2)	V(++)
6915941	15974-14-8	H12N4Pd+2	174.54208	N.N.N.N.[Pd+2]	4H3N.Pd/h4*1H3;/q;;;;+2	SYQSSOSBPLZHDY-UHFFFAOYSA-N	azane;palladium(2+)	palladium(2+), tetraammine-, (SP-4-1)- (9CI)	Palladium(2+), tetraammine-, ion (8CI)	Tetraamminepalladium(2+)	DTXSID70893426	palladium (2+), tetraammine-	Pd(NH3)4++	Pd(NH3)4+2	Pd(NH3)4(+2)	Pd(NH3)4(2+)	Pd(NH3)4(++)
10154302	22541-25-9	Hf+4	178.49	[Hf+4]	Hf/q+4	GVOLZAKHRKGRRM-UHFFFAOYSA-N	hafnium(4+)	hafnium, ion (Hf4+)	Hafnium(4+)	Hafnium, ion(4+)	Hf4+	hafnium cation	f6p23ux9xc	hafnium ion (Hf 4+)	Hf++++	Hf+4	Hf(+4)	Hf(4+)	Hf(++++)
14849121	36812-32-5	HOSr+	104.62734	[OH-].[Sr+2]	H2O.Sr/h1H2;/q;+2/p-1	JEYJOIBINRMPSU-UHFFFAOYSA-M	strontium;hydroxide	strontium(1+), hydroxy- (9CI)	SrOH+	SrOH+1	SrOH(+1)	SrOH(1+)	SrOH(+)
14849122	68193-67-9	BaHO+	154.33434	[OH-].[Ba+2]	Ba.H2O/h;1H2/q+2;/p-1	XZGCPOSUWCQZEU-UHFFFAOYSA-M	barium(2+);hydroxide	barium(1+), hydroxy- (9CI)	Barium monohydroxide ion(1+)	BaOH+	BaOH+1	BaOH(+1)	BaOH(1+)	BaOH(+)
15388493	12125-54-1	HNiO+	75.70074	[Ni+2].[OH-]	Ni.H2O/h;1H2/q+2;/p-1	FUFKFNZOGMJPAL-UHFFFAOYSA-M	nickel(2+);hydroxide	nickel(1+), hydroxy- (9CI)	Nickel(1+), hydroxy-, ion (8CI)	NiOH+	NiOH+1	NiOH(+1)	NiOH(1+)	NiOH(+)
15520670	67588-88-9	CrH2O2+	86.01078	[Cr+3].[OH-].[OH-]	Cr.2H2O/h;2*1H2/q+3;;/p-2	DCYKQBDEOWSGAD-UHFFFAOYSA-L	chromium(3+);dihydroxide	chromium(1+), dihydroxy- (9CI)	Chromium dihydroxide ion(1+)	Chromium hydroxide ion (Cr(OH)21+)	Dihydroxychromium(1+)	Cr(OH)2+	Cr(OH)2+1	Cr(OH)2(+1)	Cr(OH)2(1+)	Cr(OH)2(+)
15549088	12299-69-3	FeHO+2	72.85234	[Fe+3].[OH-]	Fe.H2O/h;1H2/q+3;/p-1	NJWYTAHMQKIIQQ-UHFFFAOYSA-M	iron(3+);hydroxide	iron(2+), hydroxy- (9CI)	Iron(2+), hydroxy-, ion (8CI)	Iron hydroxide ion ((FeOH)2+)	Iron monohydroxide ion(2+)	Iron monohydroxide(2+)	FeOH++	FeOH+2	FeOH(+2)	FeOH(2+)	FeOH(++)
15787738	22877-95-8	OSb+	137.7594	[O].[Sb+]	O.Sb/q;+1	BDYDQSAYMHNVLM-UHFFFAOYSA-N	oxostibanylium	antimony(1+), oxo- (9CI)	Antimony(1+), oxo-, ion (8CI)	Antimony oxide ion (SbO1+)	1581279-77-7	antimony (1+), oxo	SbO+	SbO+1	SbO(+1)	SbO(1+)	SbO(+)
20150708	16408-24-5	FeH2O2+	89.85968	O.[O-2].[Fe+3]	Fe.H2O.O/h;1H2;/q+3;;-2	IEECXTSVVFWGSE-UHFFFAOYSA-N	iron(3+);oxygen(2-);hydrate	iron(1+), dihydroxy- (9CI)	Iron(1+), dihydroxy-, ion (8CI)	Fe(OH)2+	Fe(OH)2+1	Fe(OH)2(+1)	Fe(OH)2(1+)	Fe(OH)2(+)
20976579	115776-74-4	HNiO+2	75.70074	[Ni+3].[OH-]	Ni.H2O/h;1H2/q+3;/p-1	PYYRDIOXAXIATN-UHFFFAOYSA-M	nickel(3+);hydroxide	nickel(2+), hydroxy- (9CI)	NiOH++	NiOH+2	NiOH(+2)	NiOH(2+)	NiOH(++)
21225543	60172-61-4	HMgO+	41.31234	[Mg+2].[OH-]	Mg.H2O/h;1H2/q+2;/p-1	SIERWFVYDSKSDJ-UHFFFAOYSA-M	magnesium;hydroxide	magnesium(1+), hydroxy- (9CI)	Hydroxymagnesium(1+)	MgOH+	MgOH+1	MgOH(+1)	MgOH(1+)	MgOH(+)
21225914	15092-05-4	FeHO+	72.85234	[Fe+2].[OH-]	Fe.H2O/h;1H2/q+2;/p-1	ITHCMTBUBRIKKJ-UHFFFAOYSA-M	iron(2+);hydroxide	iron(1+), hydroxy- (9CI)	Iron(1+), hydroxy-, ion (8CI)	Hydroxyiron(1+)	FeOH+	FeOH+1	FeOH(+1)	FeOH(1+)	FeOH(+)
21226394	22569-48-8	HOZn+	82.38734	[OH-].[Zn+2]	H2O.Zn/h1H2;/q;+2/p-1	ZQCBNXKMJXYCKX-UHFFFAOYSA-M	zinc;hydroxide	zinc(1+), hydroxy- (9CI)	Zinc(1+), hydroxy-, ion (8CI)	Hydroxozinc(1+)	ZnOH+	ZnOH+1	ZnOH(+1)	ZnOH(1+)	ZnOH(+)
21495816	219946-99-3	AlH2O2+3	60.996218	OO.[Al+3]	Al.H2O2/c;1-2/h;1-2H/q+3;	YCKRSUJTHTXEAT-UHFFFAOYSA-N	aluminum;hydrogen peroxide	aluminum(3+), (dihydrogen dioxide)- (9CI)	AlH2O2+++	AlH2O2+3	AlH2O2(+3)	AlH2O2(3+)	AlH2O2(+++)
21584802	41618-72-8	BiHO+2	225.98774	[OH-].[Bi+3]	Bi.H2O/h;1H2/q+3;/p-1	GTXSRWDSFFWONO-UHFFFAOYSA-M	bismuth;hydroxide	bismuth(2+), hydroxy- (9CI)	Hydroxybismuth(2+)	BiOH++	BiOH+2	BiOH(+2)	BiOH(2+)	BiOH(++)
21868254	22541-96-4	Yb+2	173.054	[Yb+2]	Yb/q+2	SVJLBBSKJLMTRQ-UHFFFAOYSA-N	ytterbium(2+)	ytterbium, ion (Yb2+)	Yb2+	Ytterbium ion(2+)	Ytterbium(2+)	Ytterbium(2+) ion	ytterbium(II)	Q27467710	ytterbium ion (Yb 2+)	Yb++	Yb+2	Yb(+2)	Yb(2+)	Yb(++)
21881447	70198-64-0	GaHO+2	86.73034	[OH-].[Ga+3]	Ga.H2O/h;1H2/q+3;/p-1	WPKKMSNSEHPCDS-UHFFFAOYSA-M	gallium;hydroxide	gallium(2+), hydroxy- (9CI)	GaOH++	GaOH+2	GaOH(+2)	GaOH(2+)	GaOH(++)
21881450	59792-78-8	CdHO+	129.41834	[Cd+2].[OH-]	Cd.H2O/h;1H2/q+2;/p-1	VGKPDSXRZOXXCL-UHFFFAOYSA-M	cadmium(2+);hydroxide	cadmium(1+), hydroxy- (9CI)	
21881453	186449-38-7	HInO+2	131.82534	[In+3].[OH-]	In.H2O/h;1H2/q+3;/p-1	DTYLIDIBRGIDOC-UHFFFAOYSA-M	indium(3+);hydroxide	indium(2+), hydroxy- (9CI)	InOH++	InOH+2	InOH(+2)	InOH(2+)	InOH(++)
21881454	12325-02-9	HHgO+	217.59734	[Hg+2].[OH-]	Hg.H2O/h;1H2/q+2;/p-1	WBSAOFKNCUTKPN-UHFFFAOYSA-M	mercury(2+);hydroxide	mercury(1+), hydroxy- (9CI)	HgOH+	HgOH+1	HgOH(+1)	HgOH(1+)	HgOH(+)
21881679	68566-23-4	CrHO+	69.00344	[Cr+2].[OH-]	Cr.H2O/h;1H2/q+2;/p-1	YTMXHMHRIHXXTH-UHFFFAOYSA-M	chromium(2+);hydroxide	chromium(1+), hydroxy- (9CI)	CrOH+	CrOH+1	CrOH(+1)	CrOH(1+)	CrOH(+)
21895773	127622-32-6	HOY+2	105.91319	[OH-].[Y+3]	H2O.Y/h1H2;/q;+3/p-1	PFLBQRHDNWLLBK-UHFFFAOYSA-M	yttrium(3+);hydroxide	yttrium(2+), hydroxy- (9CI)	YOH++	YOH+2	YOH(+2)	YOH(2+)	YOH(++)
21924428	95118-37-9	HMnO+	71.945389	[Mn+2].[OH-]	Mn.H2O/h;1H2/q+2;/p-1	IPPVBHWPMXOGAB-UHFFFAOYSA-M	manganese(2+);hydroxide	manganese(1+), hydroxy- (9CI)	HMnO+	HMnO+1	HMnO(+1)	HMnO(1+)	HMnO(+)
21931984	151462-86-1	HOSn+3	135.70834	[OH-].[Sn+4]	H2O.Sn/h1H2;/q;+4/p-1	OAYXXLSXZOKTDM-UHFFFAOYSA-M	tin(4+);hydroxide	tin(3+), hydroxy- (9CI)	SnOH+++	SnOH+3	SnOH(+3)	SnOH(3+)	SnOH(+++)
22061700	18946-64-0	FLu+2	193.965203	[F-].[Lu+3]	FH.Lu/h1H;/q;+3/p-1	STXSVXIVVPUHTA-UHFFFAOYSA-M	lutetium(3+);fluoride	lutetium(2+), fluoro- (9CI)	Lutetium(2+), fluoro-, ion (8CI)	LuF++	LuF+2	LuF(+2)	LuF(2+)	LuF(++)
22571172	12135-07-8	HOSc+2	61.96325	[OH-].[Sc+3]	H2O.Sc/h1H2;/q;+3/p-1	UKDGXEDGJPLRIW-UHFFFAOYSA-M	scandium(3+);hydroxide	scandium(2+), hydroxy- (9CI)	Scandium(2+), hydroxy-, ion (8CI)	12135-25-0	ScOH++	ScOH+2	ScOH(+2)	ScOH(2+)	ScOH(++)
44596095	52140-06-4	GaH2O2+	103.73768	[OH-].[OH-].[Ga+3]	Ga.2H2O/h;2*1H2/q+3;;/p-2	JYNFQMDQWOLXNX-UHFFFAOYSA-L	gallium;dihydroxide	gallium(1+), dihydroxy- (9CI)	Ga(OH)2+	Ga(OH)2+1	Ga(OH)2(+1)	Ga(OH)2(1+)	Ga(OH)2(+)
51003827	16089-60-4	U+4	238.02891	[U+4]	U/q+4	HNVACBPOIKOMQP-UHFFFAOYSA-N	uranium(4+)	uranium(4+)	U4+	Uranium ion(4+)	Uranium(4+) ion	uranium, ion (U4+)	uranium(IV) cation	CHEBI:32995	DTXSID20167023	U(4+)	Q27115174	uranium ion (U 4+)	U++++	U+4	U(+4)	U(++++)
51003828	22578-81-0	U+3	238.02891	[U+3]	U/q+3	IYMWLFSZGRYBCD-UHFFFAOYSA-N	uranium(3+)	uranium, ion (U3+)	U3+	Uranium ion(3+)	uranium(III)	uranium(3+) ion	uranium(III) cation	CHEBI:32994	U(3+)	Q27115173	uranium ion (U 3+)	U+++	U+3	U(+3)	U(+++)
53848608	21570-53-6	C19H42N+	284.54348	CCCC[N+](CCC(C)C)(CCC(C)C)CCC(C)C	C19H42N/c1-8-9-13-20(14-10-17(2)3,15-11-18(4)5)16-12-19(6)7/h17-19H,8-16H2,1-7H3/q+1	GODRZWJMMDQQNS-UHFFFAOYSA-N	butyl-tris(3-methylbutyl)azanium	1-Butanaminium, N-butyl-3-methyl-N,N-bis(3-methylbutyl)-	Ammonium, butyltriisopentyl- (8CI)	Butyltriisoamylammonium(1+)	butyltriisopentylammonium	triisoamylbutylammonium	Triisopentylbutylammonium ion(1+)	SCHEMBL1063768	N-butyl-3-methyl-n,n-bis(3-methylbutyl)butan-1-aminium	DTXSID30707116	867249-91-0	butaneaminium, n,-butyl-3-methyl bis3-methylbutyl	buipe3n+	buipe3n+1	BuiPe3N(+1)	BuiPe3N(1+)	BuiPe3N(+)
71340699	129466-35-9	H3O3Te+	178.62202	O[Te+](O)O	H3O3Te/c1-4(2)3/h1-3H/q+1	FTOPEHOPPBBZBS-UHFFFAOYSA-N	trihydroxytellanium	tellurium(1+), trihydroxy- (9CI)	trihydroxytellanium	DTXSID50767833	Te(OH)3+	Te(OH)3+1	Te(OH)3(+1)	Te(OH)3(1+)	Te(OH)3(+)
91865434	15823-78-6	HOTl+2	221.39064	[OH-].[Tl+3]	H2O.Tl/h1H2;/q;+3/p-1	BJAKKPLCCYFWIJ-UHFFFAOYSA-M	thallium(3+);hydroxide	thallium(2+), hydroxy- (9CI)	Thallium(2+), hydroxy-, ion (8CI)	TiOH++	TiOH+2	TiOH(+2)	TiOH(2+)	TiOH(++)
92027123	12168-64-8	HOPb+	224.20734	[OH-].[Pb+2]	H2O.Pb/h1H2;/q;+2/p-1	XIGSEFJCUIAIOE-UHFFFAOYSA-M	lead(2+);hydroxide	lead(1+), hydroxy- (9CI)	Lead(1+), hydroxy-, ion (8CI)	Lead hydroxide (PbOH1+)	Lead hydroxide ion (PbOH+)	77298-94-3	85908-74-3	PbOH+	PbOH+1	PbOH(+1)	PbOH(1+)	PbOH(+)
92028719	12179-03-2	HOTh+3	249.04544	[OH-].[Th+4]	H2O.Th/h1H2;/q;+4/p-1	GDEXJEZWNNJLGE-UHFFFAOYSA-M	thorium(4+);hydroxide	thorium(3+), hydroxy- (9CI)	Thorium(3+), hydroxy-, ion (8CI)	Thorium hydroxide ion (ThOH3+)	12382-85-3	ThOH+++	ThOH+3	ThOH(+3)	ThOH(3+)	ThOH(+++)
136196436	22541-43-1	Cf+3	251.08	[Cf+3]	Cf/q+3	NJOOSZZTDCOTJQ-UHFFFAOYSA-N	californium(3+)	californium, ion (Cf3+)	Californium ion(3+)	Californium(3+)	Cf3+	californium ion (Cf 3+)	Cf+++	Cf+3	Cf(+3)	Cf(3+)	Cf(+++)
164179940	27216-79-1	HOSn+	135.70834	[OH-].[Sn+2]	H2O.Sn/h1H2;/q;+2/p-1	DVARGNNPGKRAOR-UHFFFAOYSA-M	tin(2+);hydroxide	tin(1+), hydroxy- (9CI)	Tin(1+), hydroxy-, ion (8CI)	Tin hydroxide (SnOH1+)	73593-35-8	SnOH+	SnOH+1	SnOH(+1)	SnOH(1+)	SnOH(+)
